TaxaCode	Genus	Species	Total Of Abundance	2009-ARM1-4	2009-ARM1-5	2009-ARM1-8	2009-ARM1-9	2009-ARM2-4	2009-ARM2-5	2009-ARM2-8	2009-ARM2-9	2009-ARM3-4	2009-ARM3-5	2009-ARM3-8	2009-ARM3-9	2009-ARM4-4	2009-ARM4-5	2009-ARM4-8	2009-ARM4-9	2009-BAL1-4	2009-BAL1-5	2009-BAL1-8	2009-BAL1-9	2009-DRA1-4	2009-DRA1-5	2009-DRA1-8	2009-DRA1-9	2009-WHE1-4	2009-WHE1-5	2009-WHE1-8	2009-WHE1-9	2009-WHE2-4	2009-WHE2-5	2009-WHE2-8	2009-WHE2-9	2009-ZET1-4	2009-ZET1-5	2009-ZET1-8	2009-ZET1-9	2009-ZET2-4	2009-ZET2-5	2009-ZET2-8	2009-ZET2-9	2010-ARM1-10	2010-ARM1-11	2010-ARM1-14	2010-ARM1-15	2010-ARM2-10	2010-ARM2-11	2010-ARM2-14	2010-ARM2-15	2010-ARM3-10	2010-ARM3-11	2010-ARM3-14	2010-ARM3-15	2010-ARM4-10	2010-ARM4-11	2010-ARM4-14	2010-ARM4-15	2010-BAL1-10	2010-BAL1-11	2010-BAL1-14	2010-BAL1-15	2010-DRA1-10	2010-DRA1-11	2010-DRA1-14	2010-DRA1-15	2010-WHE1-10	2010-WHE1-11	2010-WHE1-14	2010-WHE1-15	2010-WHE2-10	2010-WHE2-11	2010-WHE2-14	2010-WHE2-15	2010-ZET1-10	2010-ZET1-11	2010-ZET1-14	2010-ZET1-15	2010-ZET2-10	2010-ZET2-11	2010-ZET2-14	2010-ZET2-15	2011-ARM1-16	2011-ARM1-17	2011-ARM1-20	2011-ARM1-21	2011-ARM2-16	2011-ARM2-17	2011-ARM2-20	2011-ARM2-21	2011-ARM3-16	2011-ARM3-17	2011-ARM3-20	2011-ARM3-21	2011-ARM4-16	2011-ARM4-17	2011-ARM4-20	2011-ARM4-21	2011-BAL1-16	2011-BAL1-17	2011-BAL1-20	2011-BAL1-21	2011-DRA1-16	2011-DRA1-17	2011-DRA1-20	2011-DRA1-21	2011-WHE1-16	2011-WHE1-17	2011-WHE1-20	2011-WHE1-21	2011-WHE2-16	2011-WHE2-17	2011-WHE2-20	2011-WHE2-21	2011-ZET1-16	2011-ZET1-17	2011-ZET1-21	2011-ZET2-16	2011-ZET2-17	2011-ZET2-20	2011-ZET2-21	2012-ARM1-22	2012-ARM1-23	2012-ARM1-26	2012-ARM1-27	2012-ARM2-22	2012-ARM2-23	2012-ARM2-26	2012-ARM2-27	2012-ARM3-23	2012-ARM3-26	2012-ARM3-27	2012-ARM4-22	2012-ARM4-23	2012-ARM4-26	2012-ARM4-27	2012-BAL1-22	2012-BAL1-23	2012-BAL1-26	2012-BAL1-27	2012-DRA1-22	2012-DRA1-23	2012-DRA1-26	2012-DRA1-27	2012-WHE1-22	2012-WHE1-23	2012-WHE1-26	2012-WHE1-27	2012-WHE2-22	2012-WHE2-23	2012-WHE2-26	2012-WHE2-27	2012-ZET1-22	2012-ZET1-23	2012-ZET1-26	2012-ZET1-27	2012-ZET2-22	2012-ZET2-23	2012-ZET2-26	2012-ZET2-27	2013-ARM1-28	2013-ARM1-29	2013-ARM1-32	2013-ARM1-33	2013-ARM2-28	2013-ARM2-29	2013-ARM2-32	2013-ARM2-33	2013-ARM3-28	2013-ARM3-29	2013-ARM3-32	2013-ARM3-33	2013-ARM4-28	2013-ARM4-29	2013-ARM4-32	2013-ARM4-33	2013-BAL1-28	2013-BAL1-29	2013-BAL1-32	2013-BAL1-33	2013-DRA1-28	2013-DRA1-29	2013-DRA1-32	2013-DRA1-33	2013-WHE1-28	2013-WHE1-29	2013-WHE1-32	2013-WHE1-33	2013-WHE2-28	2013-WHE2-29	2013-WHE2-32	2013-WHE2-33	2013-ZET1-28	2013-ZET1-29	2013-ZET1-32	2013-ZET1-33	2013-ZET2-28	2013-ZET2-29	2013-ZET2-32	2013-ZET2-33	2013-WHE2-29	2013-WHE2-32	2013-WHE2-33	2013-ZET1-28	2013-ZET1-29	2013-ZET1-32	2013-ZET1-33	2013-ZET2-28	2013-ZET2-29	2013-ZET2-32	2013-ZET2-33
LEDESMO-22000001	Near Ophiogramma	sp. 1YB	8																			1																																					1				1			1																		1																																																				1																																																		1				1																						
LEGEEU-22000001	Glena	 Janzen05	1055		1	1	4		5	3	3	2	7	7	9	1	4	3	1	2	1	2	3	4	2	5	6	2		3	5		2	4	1	2	9	7	5	3	4	1	7	7	13	1	9	10		4	3	8	3	7		10	7	9	4	6	8	6	2		9	2	5	5	8	6	16	5	10	6	6	5	1	4	1	8	10	3	1	10	25	2	1	23	1	4	3	3	18	4	7	4	26			11	26	2	1	6	26	1	4	15	17	6		8	17	1	2	14	1	3	5	28	2	2	2	6	2	1	8	7	2	3	9	1	3	4	13	3	4	12	10	1	3	14	5		1	6	17	1	4	15	7		3	2	13	7	4	5	8	2	1	8		1	2	2		6	4	9	3	3		5	2	9	7	1	6	5		5	5	4	1	4	6	2	3	7	4	2	3	8	10	4	2	4	2	7	2	4	2	3	8	10	4	2	4	2	7	2
LEGEEU-22000002	Epimecis	conjugaria	232			1					1			2				2	1			1		1							6		1	1			1						2	3			3		1	1	1	2		1		5		1		1		1	3				2	2			3		1		4	1		1		2	1	3	2	2	5			2			5		3	2	1	3	5			2	3		1	11			1	8	2			2	1		2	2	1		5	2			2	2	1		3	7	2	6		2				5	1	1	2		2		1		3		5	1	1		2		1					1	2	1		3				1					2	4		3	2	2				1				1		2		1		1	5			4	3	1			3	3		5			4	3	1			3	3	
LEGEEU-22000003	Hymenomima	memorDHJ01	19																										1	1													1					1				1		2					1	1																								1			1					1				1												1				1	1																																										1																									2																																
LEGEEU-22000005	Sphacelodes	vulneraria	22			1																								1									1						1							1														1			1								1							1				1			2		1																1							1		1	1										1	1														1												1										1																																														
LEGEEU-22000006	Palyas	pallicosta	59						1				5							1						1			1										1		2		1	1	2			2									1		1		1		1						1		1	2					2			1	1			1				1													1								1													2		1												1										1	1				2											1	1														1		1							2		1		2				1				4	1	1	1				1				4	1	1	1
LEGEEU-22000007	Herbita	sp. 1YB	34										1				1											1								1							2	1		2						1															1												1			1		1								1	1		1														2							1		1					1	1			1																				1											4		1		1	1		2																																															
LEGEEU-22000008	Patalene	hamulata	48						1		1								1												1		1						1				3				1	1				1											1									2	1				1			2													2							1	1			1	1		1	1					3		1					1							1	1																																		1				2			1	2				2				1												2								3											3			
LEGEEU-22000009	Prochoerodes	striata	13												1		2	2												1													1					1								1																								2																																							1																																																																															1											1			
LEGEEU-22000012	Macaria	regulata	25							1	2				1															2																							1																										1				1									4								3												4				3			1																																				1																																																									
LEGEEU-22000013	Leucula	festiva	22							1																												1															1					1	1												1									1		1	1											1	1				1																			1	1	3	1															1																																								3																																				
LEGEEU-22000014	Opisthoxia	sp. 1YB	172			1			1						2			2												1	2							5	1			1	4	1	1			1				3	1			1			1	2			1	1	3				4				1			1				9		1	4	1	2			1			2					2							2		3			1	3	4	1	1	5	2					4	4	2			1		2	3		1	1		1	2	6	2	4	1	2				2									2	2	2							3	3	1		1	3	3				3			1	1			2	4			4					2	1		1	1	2	1	1			1		2	1			2	1	1			1		2	1		
LEGEEU-22000016	Euclysia	dentifasciataDHJ03	17																																						1		2		1																		1												1							1												1		1																												1			1																															1			1					1																																3											3			
LEGEEU-22000017	Perigramma	repetita	47																1									4												1			1									2		1	1	1		1	2				1					1	1		2				1							2						1																				4	2							1																1			1											3	1	2																	1					3			1				1		1												1											1										
LEGEEU-22000018	Rhomboptila	brantsiata	28			1											1									1				1	1										1	1									2	1				1	1																								1				1			1				1			1	1												3																											1												1											3			1														1																																					
LEGEEU-22000021	Euclysia	angustitincta	18			2				1	1											1												1										1																									2																																								1										2										1																													2		1	1																																					1											1			
LEGEEU-22000022	Macaria	approximaria	86							1				1	1	1											1			1	1			1				1	1				4	1		1								1		1			1			1				1			1		1	1		1			2			1		3	1	1	1		1	3			1	4	1		3		1			1			1	1				3	3				2					1	2	5			1				1									1	1					1				3																1													1					1	2							1	2	1			1	1										1	1							
LEGEEU-22000024	Eusarca	YB06Pn	38									1						1																										1								2	1			1	2	1											2	1										1		1		1													1							1				1											1				1				1								1			1	3			2							1						1			1	1											2														1		1			1																							
LEGEEU-22000025	Urepione	YB01Pn	3																															1																																					1																																																																																																																				1																									
LEGEEU-22000026	Paragonia	crurariaDHJ02	165			2	3			1	2			1	3			3						1		1	3			1	5		1		5								3				1	1	1		2	1		1		1	1	1	1	1	1				1			1	1	1	1		1	1	2		1	1	1	2	1	1	3	2		1			2		1	2	3				10					1		3	3		1	3	3	2				1	1				4					2		1		4			3		1		4		1		1				2			1	4				1								1	4	1	2				2	1	2		1			1	1	2			1				1				1		1	1	1		1		2		1		1		1			1		2		1		1		1	
LEGEEU-22000027	Eusarca	nemora	50								2			1	1																		1	1			1		1	1		2	1								2			1																1	2									1												2		5		1													2			1				3		1	1		1		1			1				1						3						1																		1								1		1						1										1		1													1											1
LEGEEU-22000028	Hymenomima	camerataDHJ03	13															1												1													1													1																											1								1																				1				1																											1		1																									1																	1								1											1							
LEGEEU-22000030	Thysanopyga	amarantha	45																												1							2				2	1				2	1				1											1				1										4	7	4			1						2		1																										1		2							1	1				1				1					1																		1													1				1			1																				1	1										1	1			
LEGEEU-22000031	Patalene	YB04Pn	37			1									1																2							1					1							1				1				1								2	1							1	1													1									1			2				1								2				1			1								1					1					1									1					1		1			1						1		1						2			1			1										1																										
LEGEEU-22000032	Eusarca	YB07Pn	8																				1			1																											1																																					1																			1																																													1															1																				1																							
LEGEEU-22000034	Oxydia	vesulia	22														1	1													1							1			1							1																								1									1		1	1					1							4					1								2										1															1																																		1									1																																			
LEGEEU-22000035	Oxydia	apidania	145				1						1		1	1			1		1						1				1							2		1			1	1	1			1			1	2				1		1	1	1	1		1		2				1		1	1				1		1			1	2		1				6		1	2	4				4	2		1		8			1	3	1			5	1	1					1			3			1	1	3		2	1				4			2					4	1		1				2	2				1					2						3	2			2	2			1				2	3	1		3			1	1		1		5	2			1	3			3				3				3			3				3			
LEGEEU-22000037	Pero	plagodiata	2																																						1																																																																																																																																																													1											1			
LEGEEU-22000040	Betulodes	matharmaYB01Pn	51			1																1				1								1																																																			4				4								3	1			2				6				1											1					1				3							1				1								4												1				1					1										3	2			4				1				1		1									1		1								
LEGEEU-22000041	Semiothisa	gambaria	18							1					1																												1			1																						1			1	1											1	1								1								1								3	1			1							1																											1																																																																		
LEGEEU-22000042	Trotopera	oliviferaYB01Pa	20												1												1						1																																											1	1			1					1																											1					1		1	1																						1																	1											3				2												1							1											1								
LEGEEU-22000044	Patalene	aenetusaria	15						1				1																																			1								1																								2									2							2				2																																																																						2				1																																						
LEGEEU-22000045	Thyrinteina	arnobia	6																																																																																	1												1	1																											1							1												1																																																																					
LEGEEU-22000046	Pyrinia	helvaria	926				1		7		3	1	6	1	9	1		4	5	3	3	2	3	5			4	2		4	2	1	1	3	2	1	1	4		1	6	1	18	9	1	1	4	15		2	2	35	1			6	3	3	6	12	10	3	7		3		3	10	6	3	1	12	4	2	8	6	1		3	40	9	2	1	7	9			14			1	27	20	1	3	7	48		1	12	11	1	2	6	11			18	38	3		5	10	1	2	3	1	1	32	52		1	2	2			3	1		2	6	2	2	10	10	10	5	3	1	1	1	7			6	2	4	3	1		2		2	1	3	1	2	11	6	5	1	4	3	2	4	4	1		1	4	4	6	2	4	6	4		2	3	1	4	3	2		1	5	11	1	3	5	6	1	1	7	1	1		5	4	1	4	6	1	1	7	1	1		5	4	1	4
LEGEEU-22000047	Physocleora	pauper	40			3	1			1												1	1							5	1			1								1			1														1											1					1		1							2									1							1						1		1	1	1		1		1				1									1			1			1			1														1	1					1						1																												1																						
LEGEEU-22000048	Hymenomima	umbelularia	7			1													1																											1					1							1																								1																				1																																																																																																														
LEGEEU-22000051	Sericoptera	reductata	3																																1								1												1																																																																																																																																																													
LEGEEU-22000052	Glena	sp. 3YB	2																1																																																1																																																																																																																																																	
LEGEEU-22000054	Semiothisa	arenisca	1																																				1																																																																																																																																																																													
LEGEEU-22000057	Euclysia	dentifasciataDHJ01	13						1																									1																1																	1																1													1																						1									1											3															1																																													1											1			
LEGEEU-22000059	Cimicodes	sp. 1YB near albicosta	39				1				2								1												1												1								1				3				1					1				1			1								1				1								1					2											1							1		1			2					1	1		1			1		1		1											1				1						1		1							1													1																	1			1			1					1			1			1	
LEGEEU-22000061	Paragonia	crurariaDHJ06	54				1	1			1							1									2				2												2	1	1			1				1				1	1		1		3					1				1	1	1	1							1		1				1			1			1	1			1	1				1			1					1																			1			2			1	2								1		1			1			2				1			1				2														1												1	1																							
LEGEEU-22000062	Paragonia	sp. 5YB	24																							1	3								1																									1																								1							2	1								1	1															1									1		1	3							1				1				1																			1														2																																				
LEGEEU-22000065	Iridopsis	validariaDHJ01	13																													1								1										1	1																													1	1											1												1															2																			2																																																1																										
LEGEEU-22000069	Herbita	lilacina	5																																																									1																							1																										1		1																																															1																																																						
LEGEEU-22000072	Patalene	asychisaria	4																																																																													1																																																																																										1																									2											2						
LEGEEU-22000073	Macaria	sp. 9YB	57																																																														1				1		2	1	1				4				1							2				7		1		2									1			1				1				1			2		1													2				2				1				2							1	5				1	1							1								1		1					2				1					2			1	3										1	3							
LEGEEU-22000075	Macaria	sp. 2YB near gambarina	2																																																																									1												1																																																																																																																												
LEGEEU-22000076	Patalene	sp. 6YB	9																																												1														1						1					1																							1																				1					1																																										1								1																																										
LEGEEU-22000078	Patalene	chaonia	9																					1	1																																								2							1																																									2																				1									1																																																																						
LEGEEU-22000079	Eusarca	sp. 3YB near minucia	1																																																																																																																																																																																			1																														
LEGEEU-22000080	Patalene	sp. 4YB	10																																															1													1						1						1																										1	1			1																																																																																	1									1					1						1					1	
LEGEEU-22000081	Patalene	sp. 5YB	10																					1																																					1														1																		1				1								1																	1																																	1																																						1				1							1				1				
LEGEEU-22000082	Pero	sp. 2YB near lignata	3																											1																													1																														1																																																																																																																											
LEGEEU-22000083	Pero	rumina	2																																																																												1		1																																																																																																																																			
LEGEEU-22000084	Patalene	sp. 2YB near but not hamulata	1																																																																																														1																																																																																																																			
LEGEEU-22000085	Paragonia	tasimaDHJ03	1																												1																																																																																																																																																																																					
LEGEEU-22000086	Pero	polygonariaDHJ05	7																																																								1																													1																					2																																									1								1								1																																														
LEGEEU-22000087	Macaria	sp. 4YB	2																														1																																																																																																					1																																																																														
LEGEEU-22000089	Ischnopteris	bifinitaDHJ02	6																															2									1																															1																																																																																																1																											1											1				
LEGEEU-22000090	Patalene	falcularia	4																																								1																																				1			1																																																																																																		1																																
LEGEEU-22000091	Perissopteryx	submarginata	8																																				1																1																							1	4																																																																																																																						1											1				
LEGEEU-22000092	Pero	amanda	3																		1																																																																																																																														1																										1																																							
LEGEEU-22000095	Macaria	sp. 6YB	1																												1																																																																																																																																																																																					
LEGEEU-22000096	Physocleora	YB36Pn	66							1									2								1				1							1						3	1	1					1							3		1		1		1	1	1								1	1	1				1					1	3	3	1							1	1			1		1	1	1					1		1		1		1			3	1	2						1	1			1							1	1				1											1				1	1											1		1							2							1	1								1							2				1							2	
LEGEEU-22000097	Melanolophia	AH16HoPn	20								1																4																																						1	1	1		1		1				1		1																	1										2														1																							1			1													1																							1																																
LEGEEU-22000098	Pyrinia	sp. 4YB near but not itunaria	60																				5												1													1								2				1			4					1			1				1								3				1								2								2								2		1						1	1			1						1							2	4				5				1	1		1	4		1		1			1		1		1		1																											2				1					1						1					1			
LEGEEU-22000099	Pyrinia	sp. 3YB near but not itunaria	15				1								1								1												1								1																												2												1																		3							1	1										1											1																																																																																		
LEGEEU-22000100	Thysanopyga	sp. 2YB	7												1																												1																				3																																																																														1								1																																																															
LEGEEU-22000102	Thysanopyga	abdominariaDHJ02	4																																																																											1																																																																														1																				1																			1											1						
LEGEEU-22000106	Phyllodonta	indeterminataDHJ02	2																																																																																1																																													1																																																																																				
LEGEEU-22000107	Polla	hemeraria	2																																																																												1																													1																																																																																																								
LEGEEU-22000108	Phrygionis	privignaria	4																																																																																																					1																																															1																									1																				1											1					
LEGEEU-22000109	Macaria	sp. 7YB near festiva	2																																																																																																									1																														1																																																																										
LEGEEU-22000110	Pero	delautaDHJ02	1																																																																																																																	1																																																																																																
LEGEEU-22000111	Nematocampa	completa	1																																																																																					1																																																																																																																												
LEGEEU-22000112	Epimecis	plumbilinea	2																																																																																	1																																																																																		1																																														
LEGEEU-22000114	Thysanopyga	cermalaDHJ04	8																																																				1								2			1			1									1																										1																									1																																																																																			
LEGEEU-22000119	Herbita	sp. 3YB	1																																																																																					1																																																																																																																												
LEGEEU-22000120	Macaria	sp. 8YB	2																																																																																										1																																																																																1																																							
LEGEEU-22000122	Erastria	decrepitaria	1																																																																																																											1																																																																																																						
LEGEEU-22000126	Pero	sp. 3YB	3																																																																																																																																					1				1							1																																																																	
LEGEEU-22000127	Thysanopyga	sp. 5YB	11											1																																													1				1																																	3																							1															1		1																																								1								1																												
LEGEEU-22000128	Hymenomima	sp. 4YB	4																																																																				1																																																																																																	1				1																												1											1	
LEGEEU-22000129	Patalene	sp. 8YB	2																																																																																																																																																																							1																												1											1			
LEGEEU-22000131	Near Nephodia	sp. 1YB	1																																																									1																																																																																																																																																								
LEGEEU-22000132	Macaria	sp. 11YB	2																																																																																																																																																																											1								1																														
LEGEEU-22000133	Patalene	sp. 10YB	1																																																																																																																																																																			1																																														
LEGEEU-22000134	Urepione	sp. 3YB	1																																																																																																																																																																																											1																						
LEGEEU-22000135	Eusarca	sp. 4YB	1																																																																																																																																																																				1																																													
LEGEEU-22000136	Eusarca	sp. 5YB	2																																																																																																																																																																																								2																									
LEGEEU-22000137	Patalene	sp. 11YB	1																																																																																																																																																																																																					1											1	
LEGEEU-22000138	Patalene	sp. 12YB	1																																																																																																																																																																																						1																											
LEGEEU-22000139	Patalene	sp. 13YB	1																																																																																																																																																																																																		1											1				
LEGEEU-22000140	Physocleora	sp. 1YB	1																																																																																																																																																																																																		1											1				
LEGEEU-22000141	Ennominae genus unknown	sp. 11YB	1																																																																																																																																																																																														1											1								
LEGEEU-22000142	Patalene	sp. 14YB	1																																																																																																																																																																																																						1											1
LEGEEU-22000143	Physocleora	sp. 2YB	1																																																			1																																																																																																																																																														
LEGEEU-22000144	Physocleora	BioLep35DHJ02	3							1																				1																																																										1																																																																																																																												
LEGEEU-22000145	Herbita	sp. 4YB	1																																																1																																																																																																																																																																	
LEGEEU-22000146	Pero	registrada	1																																																																																																	1																																																																																																																
LEGEEU-22000147	Pero	boa	1																																																								1																																																																																																																																																									
LEGEEU-22000148	Pero	polygonariaDHJ04	3																																																																																					1								1																																		1																																																																																		
LEGEEU-22000149	Macaria	approximata	7																												1				1																					1												1		1				1																																																																												1																																																														
LEGEEU-22000150	geoBioLep01	BioLep584	1																																												1																																																																																																																																																																					
LEGEEU-22000151	Opisthoxia	sp. 2YB	1																																																																																												1																																																																																																																					
LEGEEU-22000152	Phyllodonta	BioLep03	1																																																																																														1																																																																																																																			
LEGEEU-22000153	Isochromodes	Janzen63	1																																																																				1																																																																																																																																													
LEGEEU-22000154	Gyostega	BioLep02	1																																																																																																									1																																																																																																								
LEGEOM-00000000	?	?	658	1	1	2	3		4		1		13	4	2	1	6	2		4				19	3			1		2	4		1	5	2		1	2	3		3		3	23	4	5	1	2		3	3		6		3	5	6			5	1		1				1	2	6	1	2	1	8	2	1	1			4	3	14	1		1	32			18	4		1	12	52			7	23			3	7			1	18			6	46		1	1	30			5	1		20	26	4		1		1		1	5			5	2	4	6	7	6		1	8	1			1	1	1	5	15	2	1					2	6			3	2	2		2			1	2				8			1	1			3	5		2					1	3	1		2	4			2	4										2	4							
LEGEOM-22000058	Geometridae genus unknown	sp. 58YB	8																			1												2														1																						1																																																																																																														1				2																												
LEGEOM-22000096	Geometridae genus unknown	sp. 96YB	1																																																		1																																																																																																																																																															
LEGEOM-22000097	Geometridae genus unknown	sp. 97YB	2																																																														1																																																																																																																																					1											1			
LEGEOM-22000106	Geometridae genus unknown	sp. 106YB	2																																																				1																																					1																																																																																																																								
LEGEOM-22000113	Geometridae genus unknown	sp. 113YB	3																																																																																																																															1																																															1																				1											1				
LEGEOM-22000118	Geometridae genus unknown	sp. 118YB	2																																																																																																																																														1																																							1																												
LEGEOM-22000120	Geometridae genus unknown	sp. 120YB	1																																																																																																																																																																																											1																						
LEGEOM-22000121	Geometridae genus unknown	sp. 121YB	1																																																																																																																																																																											1																																						
LEGEOM-22000122	Geometridae genus unknown	sp. 122YB	1																																																																																																																																																																																									1																								
LEGEOM-22000123	Geometridae genus unknown	sp. 123YB	2																																																																																																																																																																																									1												1											1	
LEGEOM-22000124	geoBioLep01	BioLep215	1																																																																																												1																																																																																																																					
LEGEOM-22000125	geoBioLep01	BioLep51	1																																																																																																																																							1																																																																										
LEGEOM-22000126	geoBioLep01	BioLep196	1																																																																																																																										1																																																																																							
LEGEOM-22000127	Geometridae genus unknown	sp. 124YB	1																																																																																										1																																																																																																																							
LEGEOM-22000128	Geometridae genus unknown	sp. 125YB	1																																																																																																										1																																																																																																							
LEGEOM-22000129	Geometridae genus unknown	sp. 126YB	3																																																																																																																																													1																	1																				1																															
LEGEON-00000000	?	?	23		1	1			1	1			3				2	1			1			1				1	1				1								3																																																																																																																													1				2				1																1																						
LEGEON-22000001	Nemoria	scriptaria	46							1																			1																											1				1			1						1	3	3	2			2				1	2			1			1		1												1									1	1									2											1						1	1	2	1								1			1							1					1								2		1	2									1						2												1											1	
LEGEON-22000002	Lissochlora	manostigma	6																																																																		1																											3																																1						1																																																																														
LEGEON-22000003	Phrudocentra	sp. 6YB	1																								1																																																																																																																																																																																									
LEGEON-22000004	Synchlora	frondaria	4																																																													4																																																																																																																																																				
LEGEON-22000007	Dyspteris	sp. 1YB	44										1										1				1																									1						1		1								1	1		1	1	1	1						2								1				1		1	1	1					3	1		1	1		1					1									1														1		1							1	1				1		1	3		1										1		1	1			1			1																											1											1	
LEGEON-22000008	Synchlora	gerularia	212										1										1										1											1				2				4				5				3	1			1				12	1			1	1			1	1			5				2	2				2			1	2			3				2	4		1		4				3				2				2			4			3				4				11			13	1			10	2			4	1			8	3			3	1			3				21	6			1				4				4				11					2			4	1			1	3			2	1							5	3			1							5	3		
LEGEON-22000009	Chloropteryx	dealbataDHJ01	11																																																																		1																												1																													2											1																							1																												1	1					1				2							1				2			
LEGEON-22000010	Phrudocentra	pupillata	64												1									1									1	1									1									2				2				1									1	1		1							2			1		2									2				3				2				5			4	6							1			1												2		1				2										4																							1			1	1			1				1							1	1	3			1				1				1			1				1				1
LEGEON-22000011	Oospila	albicoma nasuta	3																																	1																	1																																																																																																																								1																																							
LEGEON-22000012	Phrudocentra	sp. 9YB	1																																						1																																																																																																																																																																											
LEGEON-22000013	Tachyphyle	undilineata	2			1																																																																																																																																																																																				1																										
LEGEON-22000014	Oospila	rosipara	2															1																																																																											1																																																																																																																							
LEGEON-22000015	Phrudocentra	sp. 10YB	37																								1																								1					1						1																								2		1													1								2			1	1			1	3		1	1			1			1				2										1										1		1										1		1	1					1				1				2				1												2				1			1				2				1			1
LEGEON-22000016	Dyspteris	sp. 2YB near tenuivitta	1																																																									1																																																																																																																																																								
LEGEON-22000017	Oospila	sp. 1YB near venezuelata	2																																									1																																																																	1																																																																																																							
LEGEON-22000019	Oospila	confluariaYB01	8																																																																																					1																																																																																		5			1	1																																						
LEGEON-22000020	Synchlora	expulsata	16																																																					2																																1				1	1								1								1										1				1				2																																											1				2																1							1											1				
LEGEON-22000021	Synchlora	sp. 3YB	1																																																																	1																																																																																																																																																
LEGEON-22000022	Nemoria	Janzen05	6																																																																													1																																											1												1																							2																												1																										
LEGEON-22000023	Oospila	confundaria	4																																																					2																																																																			1				1																																																																																					
LEGEON-22000024	Geometrinae genus unknown	sp. 11YB	1																																																																	1																																																																																																																																																
LEGEON-22000025	Nemoria	carolinae	2																																																																																														1																							1																																																																																												
LEGEON-22000027	Chloropteryx	BioLep03	48																																																																										1				1							1				14				2	2				6							1				1	1							1			1				3	1		2																																	1			1				2				1																				1				3	1						1				3	1		
LEGEON-22000029	Oospila	atopochlora	3																																																							1																								1																																																																																								1																																										
LEGEON-22000030	Hydata	sp. 1YB	7																																												1																1																									2																								1																																																					1																				1																											
LEGEON-22000031	Tachyphyle	sp. 2YB	2																																																																																		1							1																																																																																																																								
LEGEON-22000032	Nemoria	sp. 6YB	5																																																																													1																													2																																																																													1								1											1							
LEGEON-22000033	Nemoria	parcipuncta	1																																																																																																										1																																																																																																							
LEGEON-22000034	Phrudocentra	sp. 5YB	1																																																																																																										1																																																																																																							
LEGEON-22000035	Phrudocentra	sp. 2YB near pupillata	2																																																																																																																																			1																				1																																																										
LEGEON-22000036	Phrudocentra	sp. 4YB near pupillata	1																											1																																																																																																																																																																																						
LEGEON-22000037	Synchlora	tenuimargo	17																																									1				1				1							1										2			1								1					1																							1	3							1	2																																													1																																																		
LEGEON-22000038	Phrudocentra	sp. 7YB	1																																																																	1																																																																																																																																																
LEGEON-22000039	Phrudocentra	sp. 8YB	4																												1										1															1																																																																																											1																																																																	
LEGEON-22000040	Oospila	calliculaDHJ01	5																																																					1																																				1																1																																																										2																																														
LEGEON-22000041	Chloropteryx	sp. 2YB	1																																																																																													1																																																																																																																				
LEGEON-22000042	Oospila	sp. 3YB	3																																																																																																																				1																																															1																								1																						
LEGEON-22000043	Geometrinae genus unknown	sp. 12YB	1																																																																																																																																							1																																																																										
LEGEON-22000045	Geometrinae genus unknown	sp. 14YB	1																																																																																																																																																																																														1											1								
LEGEON-22000046	Synchlora	sp. 4YB	312												2				1									1										1					1	1	1	1		2			2	13				1	1			1				5				2	1					1		1				4	1		1	1	5			2				3	8		1	2				2	10			2				2	19			1	11		1		1		7	1			5	3			19	1						17	4		1	10	2			10	1			7	4			1	4			9	1			21	4			4	1		1	11				9			1	4				2	4			2	1			3	2		1	3				1				7	7						1				7	7		
LEGEON-22000047	Synchlora	sp. 5YB	2																																																																														1																																						1																																																																																													
LEGEON-22000048	Chloropteryx	BioLep07	1																																																																																																																																											1																																																																						
LEGEON-22000049	Dyspteris	Janzen09	1																																																																																																																																		1																																																																															
LEGEON-22000050	Oospila	confluariaYB02	1																																																																																																																																											1																																																																						
LEGEON-22000051	Oospila	confluariaYB03	1																																																					1																																																																																																																																																												
LEGEON-22000052	Oospila	confluariaYB04	1																																																																																	1																																																																																																																																
LEGEON-22000053	Oospila	confluariaYB05	1																																																				1																																																																																																																																																													
LEGEON-22000054	Oospila	confluariaYB06	1																																																													1																																																																																																																																																				
LEGEON-22000055	Oospila	confluariaYB07	1																																																																																					1																																																																																																																												
LEGEON-22000056	Oospila	confluariaYB08	1																																																																																					1																																																																																																																												
LEGEON-22000057	Oospila	confluariaYB09	1																																																																																																																								1																																																																																									
LELARE-22000001	Pseudomennis	bipennis	4																										1												3																																																																																																																																																																											
LELARE-22000004	Eubaphe	conformis	100						1		1			1	1			1			2									1				1			1							2								1	1			1		1									1	1					3				1	1	1	2	1							1	3			2	5				2	1	1	1	2				1				8			1	9				4									1		1		1		1			1	1				2																2		1			1					4	2	1						2			1		1	1								1						3				1	3						3				1	3		
LELARE-22000005	Eois	undulosata	12								1																							1									1																																						1	1				2						1		1																											1																									1															1																																																			
LELARE-22000006	Eois	guapa	4							1								1																																																									1																																																																																																						1																																			
LELARE-22000007	Eubaphe	medeaDHJ02	2				1																																																																																																															1																																																																																														
LELARE-22000008	Eois	dibapha	4																																												1																																				1			1																																																																		1																																																												
LELARE-22000009	Eois	sp. 4YB	1																																																																											1																																																																																																																																						
LELARE-22000010	Eois	sp. 5YB	1																																																																																																																															1																																																																																		
LELARE-22000011	Eupithecia	BioLep132	4																																																																																									4																																																																																																																								
LELARE-22000012	Eois	BioLep583	1																																																																																			1																																																																																																																														
LELARE-22000013	Eupithecia	sp. 1YB	3																																																																																																	1																																																																																					1				1																							
LEOENO-22000001	Ergavia	sp. 1YB near carinenta	3																																																																																																		1				1																																																																									1																																		
LEOENO-22000002	Ametris	nitocris	5																																																																																				1					1									1				1																							1																																																																																				
LEOENO-22000003	Macrotes	commatica	1																																																																																																		1																																																																																																															
LEOENO-22000004	Ergavia	sp. 2YB	2																												1																																																																																																													1																																																																								
LESTER-22000001	Trygodes	sp. 1YB	14								1																			1									1			1																										1											1	1																1					1																1											1																						1	1																															1																														
LESTER-22000002	Semaeopus	sp. 1YB near illimitata	9							1																										1							1																	1																												1												1										2																																																																															1																							
LESTER-22000003	Semaeopus	sp. 2YB near fulvescens	237			1				1					1			2	2				2			2	1			1	1			2			1	1				1	8			1				1	1		1	2	3			3	2			3			2	5	3		2	2	4			4	6	2		1	1	2		2	5	1	1			4		3		5	10	2	2	1	3	1		1	3	3	5	2	6	1	2	1	4	1	2	2	2	1		1											3	1		2	1			4	5		3		1	2	2	4	2	2			1	2			3	2	1						1	2			1	1		1			1				1	2	1	2	3				2	2		1	3	2		3	1		1	1	1	1	1	4	1	1				1	1	1	1	1	4	1	1			
LESTER-22000004	Semaeopus	miniata	4															1									1			1												1																																																																																																																																																																										
LESTER-22000005	Cyclophora	urcearia	36																												1							1					1											1				1	2						1									2	2				2				3			1			1			2				1		1					1	2					1	1		2		1					1																			1														1																								1						1																														
LESTER-22000007	Semaeopus	fulvescensDHJ01	73				1			1					1							2					3																1			1				2		2	1			3		1		2	1	7	1				1	1		3				2	2	2					1	1																		1												1				2																	1										1				2		1		1						1			2			2										3					3			1						2				3		1	1							1	3		1	1							1
LESTER-22000008	Semaeopus	caparonensis	32											1								1	1				2																1											1								7									1		1								1				1									1						1		1			3														2																		2					2																											1																					1																						
LESTER-22000009	Semaeopus	Janzen05	9																																												1										1																								1								1																				1										2																																																																													1					1						1					1
LESTER-22000010	Semaeopus	sp. 6YB	14																																																																																																																						1																																													2			1				1			1	1								1				2				2				1			1				2				1			1	
LESTER-22000011	Hemipterodes	rotundata	4																			1								1																					1																																																																	1																																																																																																
LESTER-22000012	Semaeopus	sp. 7YB	22				1							1																3								3																		1		1												2										2								1																				1								1																																										1																														2												2											2	
LESTER-22000013	Semaeopus	sp. 8YB	35							1								1																									1			1	1			1						1											1	1	1		1	1									1	1																										1								1		1	3		2															1											1				1					1										4		1					1										1													1		1									1		1			
LESTER-22000014	Semaeopus	peplumaria	49				1							1									1																1				2											1							1											1																1														1					1			1																			1									1	3			1	1				2		2	3				1		1								1		1		1	2			1					1	1		2	1	1			1	1		1	1				1							1	2			1							1	2
LESTER-22000015	Semaeopus	sp. 9YB	115			2					1				1			2									1			1	1								1				1									2	1			1		2		1		8	2		3		3			1		1	1	1	2				2	1		2	1			1	1					2		1	6					1	1		2	1	1		1	2					2					2	2				1					1			2	1				1	1		2	1			3			1	2			1					1	2		3		3				1	1			3										1	1	1	2		1		1			2				1				1				1			1				1				1	
LESTER-22000016	Semaeopus	Janzen226	4																																																																													1																																											1				1																																																																							1											1			
LESTER-22000018	Pleuroprucha	sp. 1YB	2																																								1																																														1																																																																																																																											
LESTER-22000019	Idaea	subfervensDHJ01	22																																																								1				1								1					1						1		1		1						1										1		3												2											1														1	4																																																			1								1			1								1
LESTER-22000020	Pleuroprucha	rudimentaria	21																																																																																					5				2								1								1				1					1		3								3							1												1												1																			1																																			
LESTER-22000021	Semaeopus	sp. 12YB	2																																																																																																											1											1																																																																																											
LESTER-22000022	Semaeopus	sp. 13YB	16																											1																						1									1										2									1	1												1																1										2																															1													1																							1									2											2						
LESTER-22000023	Tricentra	sp. 1YB	6																																								1																																																																		2										1																									1																					1																																															
LESTER-22000026	Semaeopus	sp. 14YB	7																																																																																			1										1								1															1															1												1																																														1											1									
LESTER-22000027	Semaeopus	ambagifera	3																																																																			1																																						1																																							1																																																																	
LESTER-22000028	Near Semaeopus	caparonensis	1																																																																																																										1																																																																																																							
LESTER-22000030	Sterrhinae unknown genus	sp. 1YB	4																											1																																																																																																																	1																																													1										1											1			
LESTER-22000031	Semaeopus	sp. 17YB	13										1									1				1							2																					1											1							1								1																				1																																										1								1								1																																																						
LESTER-22000032	Semaeopus	sp. 20YB	28																																													1				1											1			1														1					1				1				1			3			1					2			2		2	1	2						1			1															1		1						1																																								2																													
LESTER-22000033	Sterrhinae unknown genus	sp. 3YB	1																																																																													1																																																																																																																																				
LESTER-22000034	Sterrhinae unknown genus	sp. 4YB	3																								1																																	1																																																																																																																																													1											1
LESTER-22000035	Sterrhinae unknown genus	sp. 5YB	3																																																	1																																																																																						1																																											1																															
LESTER-22000036	Sterrhinae unknown genus	sp. 6YB	4							1																																																																																															1																																					1	1																																																																					
LESTER-22000037	Sterrhinae unknown genus	sp. 7YB	2											1																																																																													1																																																																																																																									
LESTER-22000038	Semaeopus	Janzen08	3																																								1																																																																																																																					1																									1																											
LESTER-22000039	Semaeopus	sp. 19YB	2																																																																																																																																																																																															2											2							
LESTER-22000040	Cyclophora	sp. 1YB	1																																																																																																																							1																																																																																										
LESTER-22000041	Cyclophora	sp. 2YB	4																																																																			1								1																																																										1																													1																																															
LESTER-22000042	Cyclophora	melitiaDHJ01	2																																																																								1				1																																																																																																																																					
LESTER-22000043	Cyclophora	sp. 3YB	1																																																																																																						1																																																																																																											
LESTER-22000044	geoBioLep01	BioLep264	2																																																								1																																					1																																																																																																																				
LESTER-22000045	Semaeopus	Janzen265	1																																																																																																																																								1																																																																									
LESTER-22000046	geoJanzen01	Janzen216	2																																																																																							1																																																								1																																																																		
LESTER-22000047	Cyclophora	sp. 4YB	3																																																																																									1				1																																														1																																																																						
LESTER-22000048	geoJanzen01	Janzen25	1																																																																																																																					1																																																																																												
LESTER-22000049	Semaeopus	sp. 21YB near miniata	3																																																																				1																																					1				1																																																																																																				
LESTER-22000050	Cyclophora	sp. 5YB	1																																																																																																																																																			1																																																														
LESTER-22000051	geoBioLep01	BioLep570	1																																																																																																																																																														1																																																			
LESTER-22000052	geoJanzen01	Janzen215	1																																																																																																										1																																																																																																							
LESTER-22000053	Cyclophora	sp. 6YB	1																																																																																																																																															1																																																																		
LESTER-22000054	Tricentra	sp. 2YB	1																																																								1																																																																																																																																																									
LESTER-22000055	Pleuroprucha	sp. 2YB	4							1																																																	1				1																									1																																																																																																																												
LESTER-22000056	Semaeopus	sp. 22YB	1																																								1																																																																																																																																																																									
LESTER-22000057	Tricentrogyna	violescens	1																																																																																																		1																																																																																																															
LESTER-22000058	Semaeopus	sp. 23YB	1																																																																																																																1																																																																																																	
