Sp. Code	Hydriastele microspadix (Becc.) Burret.	Artocarpus camansi Blanco	Ficus botryocarpa Miq.	Breynia cernua (Poir.) Muell. Arg.	Casearia erythrocarpa Sleumer	Ficus conocephalifolia Ridley	Ficus copiosa Steud.	Ficus dammaropsis Diels	Dracaena angustifolia Roxb.	Endospermum labios Schodde	Eupomatia laurina R. Br.	Gardenia hansemannii K. Schum.	Homalanthus novoguineensis K. Schum.	Macaranga densiflora Warb.	Macaranga cf. brachytricha Airy Shaw	Mallotus mollissimus (Geisel.) Airy Shaw	Macaranga ducis Whitmore	Macaranga quadriglandulosa Warb.	Melanolepis multiglandulosa Rchb. & Zoll. 	Ficus nodosa Teysm. & Binn.	Osmoxylon sessiliflorum (Lauterb.) Philipson	Pavetta platyclada K.Schum. & Lauterb.	Ficus phaeosyce Laut. & K. Schum.	Pimelodendron amboinicum Hassk.	Premna obtusifolia R.Br.	Psychotria leptothyrsa Miq.	Psychotria micralabastra Valeton	Psychotria micrococca Valeton	Pterocarpus indicus Willd.	Ficus pungens Reinw. ex Blume	Ficus septica Burm. f.	Kibara cf. coriacea (Blume) Hook.f. & Thomson	Sterculia schumanniana (Lauterb.) Mildbr.	Tabernaemontana aurantiaca Gaudich.	Timonius timon (Spreng.) Merr.	Ficus trachypison K. Schum.	Ficus variegata Blume	Ficus wassa Roxb.	ni.	pi	Guild	Order	Family	Species
NOCT049									4																2														6	2	exposed chewers	Lepidoptera	Arctiidae	Spilosoma niceta Stoll
DREP008			7																																				7	1	exposed chewers	Lepidoptera	Bombycidae	Elachyophthalma sp. cf. kebeae Bethune-Baker
CHRY139																																	20						20	1	exposed chewers	Coleoptera	Chrysomelidae	Dicladispa cincta (Gestro)
CATM028							2																							2									4	2	exposed chewers	Coleoptera	Chrysomelidae	Indet. [CATM028]
CHRY133																					134																		134	1	exposed chewers	Coleoptera	Chrysomelidae	Promechus bimaculatus (Weise)
DREP002																						22																	22	1	exposed chewers	Lepidoptera	Drepanidae	Oreta pingorum Holloway
GEOM078																																		5					5	1	exposed chewers	Lepidoptera	Geometridae	Agathia kuehni Warren
GEOM075																																		9					9	1	exposed chewers	Lepidoptera	Geometridae	Agathia sp. [GEOM075] 
GEOM151													2	112	66	27	104	16																					327	6	exposed chewers	Lepidoptera	Geometridae	Albinospila syntyche (Prout)
GEOM082											3																												3	1	exposed chewers	Lepidoptera	Geometridae	Amblychia angeronaria Guenee
GEOM074					8																																		8	1	exposed chewers	Lepidoptera	Geometridae	Aplochlora subflava Warren
GEOM076					14																																		14	1	exposed chewers	Lepidoptera	Geometridae	Aplochlora vivalaca Walker
GEOM069									2																														2	1	exposed chewers	Lepidoptera	Geometridae	Berta sp. [XXXX090] 
XXXX067																		6																					6	1	exposed chewers	Lepidoptera	Geometridae	Bosara sp. nov. [XXXX067]
GEOM066																																355							355	1	exposed chewers	Lepidoptera	Geometridae	Bracca rosenbergi (Pagenstecher)
GEOM071																																168							168	1	exposed chewers	Lepidoptera	Geometridae	Callhistia grandis Druce
GEOM009																					2													2					4	2	exposed chewers	Lepidoptera	Geometridae	Catoria delectaria (Walker)
GEOM064					223																																		223	1	exposed chewers	Lepidoptera	Geometridae	Chrysocraspeda sp. nov. nr. fasciata Warren
GEOM019				4																																			4	1	exposed chewers	Lepidoptera	Geometridae	Cleora decisaria (Walker)
GEOM021				3																																			3	1	exposed chewers	Lepidoptera	Geometridae	Cleora repetita Butler
GEOM015				6	2						6		2								3			2	2				30			4	6						63	10	exposed chewers	Lepidoptera	Geometridae	Ectropis bhurmitra (Walker)
GEOM022													29																										29	1	exposed chewers	Lepidoptera	Geometridae	Eucyclodes albilauta (Warren)
TORT056								2															3																5	2	exposed chewers	Lepidoptera	Geometridae	Gymnoscelis lavella Prout
XXXX035				409									2																										411	2	exposed chewers	Lepidoptera	Geometridae	Gymnoscelis sp. nr. polyclealis Walker
GEOM023					2																								11										13	2	exposed chewers	Lepidoptera	Geometridae	Hypomecis infaustaria Walker
GEOM012													3																										3	1	exposed chewers	Lepidoptera	Geometridae	Hyposidra incomptaria Walker
GEOM008																								2															2	1	exposed chewers	Lepidoptera	Geometridae	Hyposidra sp. [GEOM008]
GEOM079																													14										14	1	exposed chewers	Lepidoptera	Geometridae	Hyposidra sp. [GEOM079]
GEOM016				10											2	2			5		2								8										29	6	exposed chewers	Lepidoptera	Geometridae	Hyposidra talaca Walker
GEOM013																								28															28	1	exposed chewers	Lepidoptera	Geometridae	Jodis albifusa (Warren) complex [A]
GEOM013a																								25															25	1	exposed chewers	Lepidoptera	Geometridae	Jodis albifusa (Warren) complex [B]
GEOM013b																								25															25	1	exposed chewers	Lepidoptera	Geometridae	Jodis albifusa (Warren) complex [C]
GEOM025																		4																					4	1	exposed chewers	Lepidoptera	Geometridae	No adult reared [GEOM025]
GEOM086																																	4						4	1	exposed chewers	Lepidoptera	Geometridae	No adult reared [GEOM086]
GEOM087					2																																		2	1	exposed chewers	Lepidoptera	Geometridae	No adult reared [GEOM087]
GEOM088																																12							12	1	exposed chewers	Lepidoptera	Geometridae	No adult reared [GEOM088]
GEOM092																													6										6	1	exposed chewers	Lepidoptera	Geometridae	No adult reared [GEOM092]
GEOM093																																2							2	1	exposed chewers	Lepidoptera	Geometridae	No adult reared [GEOM093]
GEOM097																																2							2	1	exposed chewers	Lepidoptera	Geometridae	No adult reared [GEOM097]
GEOM152																								330															330	1	exposed chewers	Lepidoptera	Geometridae	Oenospila sp. nr. rufinotata Warren
GEOM003																								345															345	1	exposed chewers	Lepidoptera	Geometridae	Oenospila stellata Warren
GEOM063																									335														335	1	exposed chewers	Lepidoptera	Geometridae	Ozola indefensa Warren
GEOM053											2																												2	1	exposed chewers	Lepidoptera	Geometridae	Paradromula xylinopa Meyrick
GEOM073					5																																		5	1	exposed chewers	Lepidoptera	Geometridae	Peridelias sp. nr. aprosita Turner
GEOM006														7		5																							12	2	exposed chewers	Lepidoptera	Geometridae	Pingasa chlora Stoll
GEOM020													19																										19	1	exposed chewers	Lepidoptera	Geometridae	Prasinocyma nivisparsa (Buttler)
GEOM051																									2				2										4	2	exposed chewers	Lepidoptera	Geometridae	Scopula amala Meyrick
GEOM084																													3										3	1	exposed chewers	Lepidoptera	Limacodidae	Mambara sp. nr. robigonosa Hering
LIMA007															2		2	2																					6	3	exposed chewers	Lepidoptera	Limacodidae	No adult reared [LIMA007]
LIMA008											2																		8									2	12	3	exposed chewers	Lepidoptera	Limacodidae	No adult reared [LIMA008]
LIMA018																													19										19	1	exposed chewers	Lepidoptera	Limacodidae	No adult reared [LIMA018]
LIMA006																			2					110															112	2	exposed chewers	Lepidoptera	Limacodidae	Scopelodes nitens Bethune-Baker
LYCA008																																	8						8	1	exposed chewers	Lepidoptera	Lycaenidae	Arhopala meander (Boisduval)
LYCA010																					4																		4	1	exposed chewers	Lepidoptera	Lycaenidae	Hypochrysops plotnius Grose-Smith
LYCA006														17	7		5	2																					31	4	exposed chewers	Lepidoptera	Lycaenidae	Philiris helena (Snellen)
LYCA001																														5						7			12	2	exposed chewers	Lepidoptera	Lycaenidae	Philiris moira Grose-Smith 
LYMA007				2										12	6		3	9																					32	5	exposed chewers	Lepidoptera	Lymantriidae	Arctornis sp. nr. intacta Walker
LYMA040									5												3								3				2						13	4	exposed chewers	Lepidoptera	Lymantriidae	Arna sp. [LYMA040]
LYMA003		3																																		3		4	10	3	exposed chewers	Lepidoptera	Lymantriidae	Euproctis sp. [LYMA003]
LYMA009							2																																2	1	exposed chewers	Lepidoptera	Lymantriidae	Indet. [LYMA009]
LYMA028												2																											2	1	exposed chewers	Lepidoptera	Lymantriidae	Indet. [LYMA028]
LYMA031																													10										10	1	exposed chewers	Lepidoptera	Lymantriidae	No adult reared [LYMA031]
LYMA043																																	2						2	1	exposed chewers	Lepidoptera	Lymantriidae	No adult reared [LYMA043]
LYMA044																													17				4						21	2	exposed chewers	Lepidoptera	Lymantriidae	No adult reared [LYMA044]
LYMA026																																			27				27	1	exposed chewers	Lepidoptera	Lymantriidae	Nygmia sp. nov. nr. arrogans (Lucas) 
LYMA039								2																					10										12	2	exposed chewers	Lepidoptera	Lymantriidae	Olene sp. nr. mendosa Huebner
LYMA002							2																6															9	17	3	exposed chewers	Lepidoptera	Lymantriidae	Orvasca sp. [LYMA002]
LYMA001														2						2				3						2							2		11	5	exposed chewers	Lepidoptera	Lymantriidae	Teia sp. nr. but not dewara (Swinhoe)
NOCT004			2																																				2	1	exposed chewers	Lepidoptera	Noctuidae	Asota eusemioides (Felder)
NOCT002			30			5		3																						10	68						12	2	130	7	exposed chewers	Lepidoptera	Noctuidae	Asota heliconia (Linnaeus)
NOCT009																				8																			8	1	exposed chewers	Lepidoptera	Noctuidae	Asota plana Walker
NOCT075				45																																			45	1	exposed chewers	Lepidoptera	Noctuidae	Bastilla nielseni Holloway & Miller
NOCT018				183																																			183	1	exposed chewers	Lepidoptera	Noctuidae	Bastilla solomonensis Hampson
GEOM049																																			5				5	1	exposed chewers	Lepidoptera	Noctuidae	Heterormista fulvitaenia (Warren)
GEOM024																					5			3					9				2						19	4	exposed chewers	Lepidoptera	Noctuidae	Mecistoptera franzwagneri Lodl
XXXX092												3												2															5	2	exposed chewers	Lepidoptera	Noctuidae	Mecistoptera n. sp. 
NOCT023				2																																			2	1	exposed chewers	Lepidoptera	Noctuidae	No adult reared [NOCT023]
PYRA010												2																											2	1	exposed chewers	Lepidoptera	Noctuidae	Parilyrgis intacta (Hampson)
GEOM067									88																														88	1	exposed chewers	Lepidoptera	Noctuidae	Piratisca minax Meyrick
NOCT017																													286										286	1	exposed chewers	Lepidoptera	Noctuidae	Plecoptera violacea Pagenstecher
NOCT052																																	2						2	1	exposed chewers	Lepidoptera	Noctuidae	Savara latimargo Walker
NOCT039																																			4				4	1	exposed chewers	Lepidoptera	Noctuidae	Tamba ochreistriga (Bethune-Baker)
NOCT021													50		2																								52	2	exposed chewers	Lepidoptera	Nolidae	Gadirtha inexacta buruensis Prout
LIMA010															2																								2	1	exposed chewers	Lepidoptera	Nolidae	Roeselia hemizona Hampson
NYMP002			3			5	5	3															10								15					8	16	48	113	9	exposed chewers	Lepidoptera	Nymphalidae	Cyrestis acilia Godart
NYMP001						5	11																4															78	98	4	exposed chewers	Lepidoptera	Nymphalidae	Euploea leucostictos Gmelin
NYMP009																													28										28	1	exposed chewers	Lepidoptera	Nymphalidae	Neptis satina Grose - Smith
NYMP011																													15										15	1	exposed chewers	Lepidoptera	Nymphalidae	Polyura jupiter (Butler)
XXXX103	13																																						13	1	exposed chewers	Lepidoptera	Nymphalidae	Taenaris sp. nr. catops Westwood
PIER001				33																																			33	1	exposed chewers	Lepidoptera	Pieridae	Eurema hecabe (Linnaeus)
SATU001													3																										3	1	exposed chewers	Lepidoptera	Saturnidae	Coscinocera sp. [SATU001]
SPHI012																												5											5	1	exposed chewers	Lepidoptera	Sphingidae	Gnathothlibus heliodes Rothschild
SPHI009																										22	2												24	2	exposed chewers	Lepidoptera	Sphingidae	Macroglossum inspida papuanum Rotsch. & Jord.
SPHI004																										17	43	82											142	3	exposed chewers	Lepidoptera	Sphingidae	Macroglossum melas pullius Rothschild & Jord.
SPHI014																										64	2												66	2	exposed chewers	Lepidoptera	Sphingidae	Macroglossum stigma Rothschild
SPHI001																																					3		3	1	exposed chewers	Lepidoptera	Sphingidae	No adult reared [SPHI001]
SPHI002																																					2		2	1	exposed chewers	Lepidoptera	Sphingidae	No adult reared [SPHI002]
SPHI017																																			3				3	1	exposed chewers	Lepidoptera	Sphingidae	No adult reared [SPHI017]
GEOM038																																			37				37	1	exposed chewers	Lepidoptera	Uraniidae	Dysaethria angulata (Warren 1896)
URAN009A																									200														200	1	exposed chewers	Lepidoptera	Uraniidae	Europlema instabilata Walker complex
URAN011																									155														155	1	exposed chewers	Lepidoptera	Uraniidae	Europlema niveosaria Walker
URAN009																									142														142	1	exposed chewers	Lepidoptera	Uraniidae	Europlema semibrunnea (Pagenstecher)
URAN001										392																													392	1	exposed chewers	Lepidoptera	Uraniidae	Lyssa macleayi (Montrouzier)
XXXX089												5																											5	1	exposed chewers	Lepidoptera	Uraniidae	Monobolodes fuscibrunnea Warren
GEOM037																																			4				4	1	exposed chewers	Lepidoptera	Uraniidae	Monobolodes sp. [GEOM037] 
URAN004										5																													5	1	exposed chewers	Lepidoptera	Uraniidae	No adult reared [URAN004]
URAN002										11																													11	1	exposed chewers	Lepidoptera	Uraniidae	Urapteroides astheniata Guenee
URAN003										11																													11	1	exposed chewers	Lepidoptera	Uraniidae	Urapteroides swinhoei Joicey & Talbot
L001		30																																					30	1	mesophyll suckers	Hemiptera	Cicadellidae	Indet. Typhlocybinae sp. 001
L002																				4																	8		12	2	mesophyll suckers	Hemiptera	Cicadellidae	Indet. Typhlocybinae sp. 002
L003														12			8																						20	2	mesophyll suckers	Hemiptera	Cicadellidae	Indet. Typhlocybinae sp. 003
L004														22		24																							46	2	mesophyll suckers	Hemiptera	Cicadellidae	Indet. Typhlocybinae sp. 004
L007					36																																		36	1	mesophyll suckers	Hemiptera	Cicadellidae	Indet. Typhlocybinae sp. 007
L008																			20																				20	1	mesophyll suckers	Hemiptera	Cicadellidae	Indet. Typhlocybinae sp. 008
L009																																	76						76	1	mesophyll suckers	Hemiptera	Cicadellidae	Indet. Typhlocybinae sp. 009
L010											30																					108							138	2	mesophyll suckers	Hemiptera	Cicadellidae	Indet. Typhlocybinae sp. 010
L011																														16									16	1	mesophyll suckers	Hemiptera	Cicadellidae	Indet. Typhlocybinae sp. 011
L014																		8																					8	1	mesophyll suckers	Hemiptera	Cicadellidae	Indet. Typhlocybinae sp. 014
L015																																						16	16	1	mesophyll suckers	Hemiptera	Cicadellidae	Indet. Typhlocybinae sp. 015
L016							8																															16	24	2	mesophyll suckers	Hemiptera	Cicadellidae	Indet. Typhlocybinae sp. 016
L018																10																							10	1	mesophyll suckers	Hemiptera	Cicadellidae	Indet. Typhlocybinae sp. 018
L022																																				22			22	1	mesophyll suckers	Hemiptera	Cicadellidae	Indet. Typhlocybinae sp. 022
L023							4																																4	1	mesophyll suckers	Hemiptera	Cicadellidae	Indet. Typhlocybinae sp. 023
L024							6																																6	1	mesophyll suckers	Hemiptera	Cicadellidae	Indet. Typhlocybinae sp. 024
L025																													20										20	1	mesophyll suckers	Hemiptera	Cicadellidae	Indet. Typhlocybinae sp. 025
L026						16																																	16	1	mesophyll suckers	Hemiptera	Cicadellidae	Indet. Typhlocybinae sp. 026
L027								22																															22	1	mesophyll suckers	Hemiptera	Cicadellidae	Indet. Typhlocybinae sp. 027
L029			16																																				16	1	mesophyll suckers	Hemiptera	Cicadellidae	Indet. Typhlocybinae sp. 029
L036				26																																			26	1	mesophyll suckers	Hemiptera	Cicadellidae	Indet. Typhlocybinae sp. 036
L038													46																										46	1	mesophyll suckers	Hemiptera	Cicadellidae	Indet. Typhlocybinae sp. 038
L042																	4																						4	1	mesophyll suckers	Hemiptera	Cicadellidae	Indet. Typhlocybinae sp. 042
L043																									4														4	1	mesophyll suckers	Hemiptera	Cicadellidae	Indet. Typhlocybinae sp. 043
L045									4																														4	1	mesophyll suckers	Hemiptera	Cicadellidae	Indet. Typhlocybinae sp. 045
MINE004																																	6						6	1	miners	Lepidoptera	?	Indet. [MINE004]
MINE028																									6														6	1	miners	Lepidoptera	?	Indet. [MINE028]
MINE084a												227																											227	1	miners	Lepidoptera	?	Indet. [MINE084a]
MINE086																						620																	620	1	miners	Lepidoptera	?	Indet. [MINE086]
MINE091												72																											72	1	miners	Lepidoptera	Gracillariidae	Indet. [MINE091]
MINE092												144																											144	1	miners	Lepidoptera	?	Indet. [MINE092]
MINE100																														4									4	1	miners	Lepidoptera	Cosmopterigidae	Indet. [MINE100]
MINE101																						2																	2	1	miners	Lepidoptera	?	Indet. [MINE101]
MINE102																																		82					82	1	miners	Lepidoptera	?	Indet. [MINE102]
MINE103																													411										411	1	miners	Lepidoptera	Gracillariidae	Neolithocolletis pentadesma [MINE103]
MINE104															148																								148	1	miners	Lepidoptera	Gracillariidae	Indet. [MINE104]
MINE107				75																																			75	1	miners	Lepidoptera	Gracillariidae	Indet. [MINE107]
MINE114				119																																			119	1	miners	Lepidoptera	Gracillariidae	Indet. [MINE114]
MINE123																								31															31	1	miners	Diptera	Agromyzidae	Indet. [MINE123]
MINE126																							153																153	1	miners	Lepidoptera	?	Indet. [MINE126]
MINE132	2																																						2	1	miners	Lepidoptera	?	Indet. [MINE132]
MINE141						2																																	2	1	miners	Lepidoptera	?	Indet. [MINE141]
MINE142																					23																		23	1	miners	Lepidoptera	?	Indet. [MINE142]
MINE172																																				24			24	1	miners	Lepidoptera	?	Indet. [MINE172]
MINE050																															6								6	1	miners	Diptera	Agromyzidae	Indet. [MINE050]
MINE051																																8							8	1	miners	Diptera	Agromyzidae	Indet. [MINE051]
MINE072																															6								6	1	miners	Diptera	Agromyzidae	Indet. [MINE072]
MINE111										224																													224	1	miners	Diptera	Agromyzidae	Indet. [MINE111]
MINE120		60																																					60	1	miners	Diptera	Agromyzidae	Indet. [MINE120]
MINE121																												9											9	1	miners	Diptera	Agromyzidae	Indet. [MINE121]
MINE042							110																															213	323	2	miners	Coleoptera	Buprestidae	Anthaxomorphus papuanus Deyrolle
MINE083	165																																						165	1	miners	Coleoptera	Buprestidae	Aphanisticus sp. [MINE083]  
MINE009b																														42									42	1	miners	Coleoptera	Buprestidae	Habroloma sp. [MINE009a]  
MINE009e															6																								6	1	miners	Coleoptera	Buprestidae	Habroloma sp. [MINE009e]  
MINE009f												111																											111	1	miners	Coleoptera	Buprestidae	Habroloma sp. [MINE009f]  
MINE165														8	87		16	39		39										6							2		197	7	miners	Coleoptera	Buprestidae	Habroloma sp. [MINE165]  
MINE166														171	165		109	71																					516	4	miners	Coleoptera	Buprestidae	Habroloma sp. [MINE166]  
MINE169															3																								3	1	miners	Coleoptera	Buprestidae	Habroloma sp. [MINE169]  
MINE081												246																											246	1	miners	Coleoptera	Chrysomelidae	Dactylispa rubus (Gestro)
MINE043							4																																4	1	miners	Coleoptera	Chrysomelidae	Indet. [MINE043]
MINE067																																	2						2	1	miners	Coleoptera	Chrysomelidae	Indet. [MINE067]
MINE080								47												7																	13		67	3	miners	Coleoptera	Chrysomelidae	Notosacantha dammaropsi [MINE080]
MINE082	49																																						49	1	miners	Coleoptera	Chrysomelidae	Indet. [MINE082]
MINE069																																	35						35	1	miners	Coleoptera	Curculionidae	Indet. [MINE069]
MINE099				89																																			89	1	miners	Coleoptera	Curculionidae	Indet. [MINE099]
MINE070																																						2	2	1	miners	Coleoptera	Curculionidae	Paratrachys cuneiformis Deyrolle
MINE065																		9																					9	1	miners	Lepidoptera	Gelechiidae	Indet. [MINE065]
MINE010																		274																					274	1	miners	Lepidoptera	Gracillariidae	Deoptilia sp. [MINE010]
MINE017																									3														3	1	miners	Lepidoptera	Gracillariidae	Deoptilia sp. [MINE017]
MINE011														105				48																					153	2	miners	Lepidoptera	Gracillariidae	Diphtheroptila sp. [MINE011]  
MINE019																											255	259											514	2	miners	Lepidoptera	Gracillariidae	Gen. nr. Dekeidoryctis sp. [MINE019]
MINE036														2		27		9																					38	3	miners	Lepidoptera	Gracillariidae	Indet. [MINE036]
MINE047																	9																						9	1	miners	Lepidoptera	Gracillariidae	Indet. [MINE047]
MINE048																																17							17	1	miners	Lepidoptera	Gracillariidae	Indet. [MINE048]
MINE059																																	5						5	1	miners	Lepidoptera	Gracillariidae	Indet. [MINE059]
MINE122																					307																		307	1	miners	Lepidoptera	Gracillariidae	Indet. [MINE122]
MINE006b			229																																				229	1	miners	Lepidoptera	Gracillariidae	Melanocercops sp. [MINE006a] 
MINE006c							3																														103		106	2	miners	Lepidoptera	Gracillariidae	Melanocercops sp. [MINE006c] 
MINE006x																															326								326	1	miners	Lepidoptera	Gracillariidae	Melanocercops sp. [MINE006x] 
MINE034																																						33	33	1	miners	Lepidoptera	Gracillariidae	Melanocercops sp. [MINE034] 
MINE035a					229																																		229	1	miners	Lepidoptera	Gracillariidae	Phyllocnistis sp. [MINE035a] 
MINE035b											615																												615	1	miners	Lepidoptera	Gracillariidae	Phyllocnistis sp. [MINE035b] 
MINE035c																									495														495	1	miners	Lepidoptera	Gracillariidae	Phyllocnistis sp. [MINE035c] 
MINE035d																																446							446	1	miners	Lepidoptera	Gracillariidae	Phyllocnistis sp. [MINE035d] 
MINE024																																			2				2	1	miners	Lepidoptera	Gracillariidae	Phyllocnistis? sp. [MINE024] 
MINE012														10																									10	1	miners	Lepidoptera	Gracillariidae	Phyllonorycter sp. [MINE012] 
MINE007																162																							162	1	miners	Lepidoptera	Gracillariidae	Polydema sp. [MINE007] 
MINE007a																33																							33	1	miners	Lepidoptera	Gracillariidae	Polydema sp. [MINE007a] 
MINE003																																	274						274	1	miners	Lepidoptera	Gracillariidae	Psydrocercops sp. [MINE003] 
MINE066			5			251		89																						19	6								370	5	miners	Lepidoptera	Lyonetiidae	Indet. [MINE066]
MINE066a							249																																249	1	miners	Lepidoptera	Lyonetiidae	Indet. [MINE066a]
MINE066b						124																															6		130	2	miners	Lepidoptera	Lyonetiidae	Indet. [MINE066b]
MINE032														2																									2	1	miners	Lepidoptera	Tortricidae	Gen. nr. Pseudancylis sp. [MINE032]
MINE031					263																																		263	1	miners	Lepidoptera	Tortricidae	Gen. nr. Pseudancylis sp. nov. [MINE031]
ACRI033																						2																	2	1	mobile chewers	Orthoptera	Acrididae	Aiolopus  thalasinus tamulus (Fabricius)
ACRI032	3										3														12		4	2						4	8				36	7	mobile chewers	Orthoptera	Acrididae	Gesonula mundata Walker
ACRI017	8					2		3												4						2	3	2		4								3	31	9	mobile chewers	Orthoptera	Acrididae	Oxya japonica vitticollis (Blanchard)
ACRI013	5	5	5					6	2		3	4					4	3	3	2	13	3				4	9	5	2		2		2	5	6		3	2	98	23	mobile chewers	Orthoptera	Acrididae	Rectitropis brunneri Bolivar
ACRI004	4	2						5	2											2	5	5	2				9		7	3		2		4	2	2	4		60	16	mobile chewers	Orthoptera	Acrididae	Stenocatantops angustifrons (Walker)
ACRI014	7	22	6		2						7	12	3	5				8	4		4	4			8	4	8	3	51				3		20	8	11		200	21	mobile chewers	Orthoptera	Acrididae	Valanga papuasica Finot
ACRI027																													2										2	1	mobile chewers	Orthoptera	Acrididae	Willemsea bimaculata Willemse
CHRY116																			2																				2	1	mobile chewers	Coleoptera	Anthribidae	Indet. [CHRY116]
CERA083																2																							2	1	mobile chewers	Coleoptera	Anthribidae	Xenocerus equestris Pascoe
CURC047																																			12				12	1	mobile chewers	Coleoptera	Attelabidae	Indet. [CURC047]
BREN002																			3																				3	1	mobile chewers	Coleoptera	Brentidae	Indet. [BREN002]
BUPR002														7	7			10																					24	3	mobile chewers	Coleoptera	Buprestidae	Habroloma sp. [BUPR002]
BUPR004																									8														8	1	mobile chewers	Coleoptera	Buprestidae	Sambus? sp. [BUPR004] 
CERA065																																					2		2	1	mobile chewers	Coleoptera	Cerambycidae	Apomecyna proxima Brng.
CERA041			2																																				2	1	mobile chewers	Coleoptera	Cerambycidae	Chloridolum sp. nr. but not papuanus Gressitt
CERA016							2																																2	1	mobile chewers	Coleoptera	Cerambycidae	Cylindrepomus? sp. [CERA016]
CERA017																											2											2	4	2	mobile chewers	Coleoptera	Cerambycidae	Dihammus australis (Boisduval)
CERA018		3						2																						2							4	3	14	5	mobile chewers	Coleoptera	Cerambycidae	Dihammus fasciatus (Montrouzier)
CERA051											2									2																			4	2	mobile chewers	Coleoptera	Cerambycidae	Dihammus sp. [CERA051] 
CERA059																							2																2	1	mobile chewers	Coleoptera	Cerambycidae	Dihammus sp. [CERA059]
CERA004			2			8	6	2												2			2							3						2	2	4	33	10	mobile chewers	Coleoptera	Cerambycidae	Epepeotes rarus Thompson
CERA045												2											3	2		2							3			3			15	6	mobile chewers	Coleoptera	Cerambycidae	Glenea heptagoda Th.
CERA030						4	3	3		2			4	11	19		6	23	5				2							5	2			2		5	5		101	16	mobile chewers	Coleoptera	Cerambycidae	Glenea sp. nr. picta Pascoe
CERA058																																	2						2	1	mobile chewers	Coleoptera	Cerambycidae	Glenea viridipustulata Thomson
CERA005		2	3			2	5	6												3			4	6						6	2		2			5	4	3	53	14	mobile chewers	Coleoptera	Cerambycidae	Gnoma antilope Boisduval
CERA007						2																																	2	1	mobile chewers	Coleoptera	Cerambycidae	Indet. [CERA007]
CERA019																				2																			2	1	mobile chewers	Coleoptera	Cerambycidae	Indet. [CERA020]
CERA025		2						3																				2											7	3	mobile chewers	Coleoptera	Cerambycidae	Indet. [CERA025]
CERA034																														2									2	1	mobile chewers	Coleoptera	Cerambycidae	Indet. [CERA034]
CERA076										2																													2	1	mobile chewers	Coleoptera	Cerambycidae	Indet. [CERA076]
CERA082													2																										2	1	mobile chewers	Coleoptera	Cerambycidae	Indet. [CERA082]
CERA036									3																														3	1	mobile chewers	Coleoptera	Cerambycidae	Mulciber linnei Thompson
CERA012																																						3	3	1	mobile chewers	Coleoptera	Cerambycidae	Mynonebra sp. [CERA012]
CERA002																															2								2	1	mobile chewers	Coleoptera	Cerambycidae	Olenecamptus bilobus strucki Dillon & Dillon
CERA003						2	2	2	2																			5											13	5	mobile chewers	Coleoptera	Cerambycidae	Pelargoderus sp. nr. arouensis (Thomson)
CERA040																											2	3											5	2	mobile chewers	Coleoptera	Cerambycidae	Periaptodes testator Pascoe
CERA020			2					3																						9		3							17	4	mobile chewers	Coleoptera	Cerambycidae	Prosoplus sp. [CERA020]
CERA010		2																		2										2								3	9	4	mobile chewers	Coleoptera	Cerambycidae	Pterolophia sp. [CERA010]
CERA013																																					2		2	1	mobile chewers	Coleoptera	Cerambycidae	Pterolophia sp. [CERA013]
CERA024								2																						3								3	8	3	mobile chewers	Coleoptera	Cerambycidae	Pterolophia sp. [CERA024]
CERA081																			2																				2	1	mobile chewers	Coleoptera	Cerambycidae	Pterolophia sp. [CERA081] 
CERA015																																				2			2	1	mobile chewers	Coleoptera	Cerambycidae	Sybra sp. [CERA015]
CERA052						2																																	2	1	mobile chewers	Coleoptera	Cerambycidae	Sybra sp. [CERA052]
CERA038														3		5		3																					11	3	mobile chewers	Coleoptera	Cerambycidae	Symphyletes sp. nr. defloratus Pascoe
CERA011	3	4	4		7	4	3	6	4		4	2										8	6	2	3	4	5	5	2	6	3	4	11	5		3	3	4	115	26	mobile chewers	Coleoptera	Cerambycidae	Tmesisternus dissimilis Pascoe
CERA021										2																													2	1	mobile chewers	Coleoptera	Cerambycidae	Tmesisternus laterimaculatus Gilmour
CERA009	3	4	5	3	4	3	2	4	2	3	3	2	2					2		2	3	4	7		2	8	3	2		4		3	6	7		4	11		108	28	mobile chewers	Coleoptera	Cerambycidae	Tmesisternus marmoratus Guerin
CERA022								2	3			2											2							2	2	3	3	2	2		2		25	11	mobile chewers	Coleoptera	Cerambycidae	Tmesisternus monticola Pascoe
CERA014		2																	2			2																	6	3	mobile chewers	Coleoptera	Cerambycidae	Tmesisternus nigrofasciatus Auriv.
CERA033																							2	2												3			7	3	mobile chewers	Coleoptera	Cerambycidae	Tmesisternus oblongus Boisduval
CERA035																											2	2		2	2								8	4	mobile chewers	Coleoptera	Cerambycidae	Tmesisternus pseudosuperans Breuning
CERA049		3			2	2		2																2			2							3			3	3	22	9	mobile chewers	Coleoptera	Cerambycidae	Tmesisternus sp. nr. longicollis Gressitt
CERA028	3											2								2		2				5	2	4		2		4		2					28	10	mobile chewers	Coleoptera	Cerambycidae	Tmesisternus sp.. nr. septempunctatus Boisd.
CERA057			4	2	3			2					2					2	3			2	2	2		2		2	2	3		2	2	2					39	17	mobile chewers	Coleoptera	Cerambycidae	Tmesisternus trivittatus Guerin-Meneville
CERA006																														3									3	1	mobile chewers	Coleoptera	Cerambycidae	Xiphotheota sp. [CERA006]
CHRY004																															16								16	1	mobile chewers	Coleoptera	Chrysomelidae	Atysa sp. [CHRY004]
CHRY055										2			4													2				12					2	8			30	6	mobile chewers	Coleoptera	Chrysomelidae	Aulacophora indica Gmelin
CHRY007							12																5																17	2	mobile chewers	Coleoptera	Chrysomelidae	Aulacophora propinqua Baly
CHRY041		2					16					2						2	8																		77		107	6	mobile chewers	Coleoptera	Chrysomelidae	Aulacophora sp. [CHRY041]
CHRY110																		2																					2	1	mobile chewers	Coleoptera	Chrysomelidae	Aulacophora sp. [CHRY110]
CHRY040												2																											2	1	mobile chewers	Coleoptera	Chrysomelidae	Aulacophora sp. nr. pallidifasciata Jacoby
CHRY091																	2		3																				5	2	mobile chewers	Coleoptera	Chrysomelidae	Cassena sp. [CHRY091]
CHRY072														25	37		70	48																					180	4	mobile chewers	Coleoptera	Chrysomelidae	Cleorina sp. [CHRY072]
CHRY043																				21																			21	1	mobile chewers	Coleoptera	Chrysomelidae	Coenobius sp. [CHRY043]
CHRY125												79																											79	1	mobile chewers	Coleoptera	Chrysomelidae	Dactylispa sp. nov. [CHRY125]
CHRY108														3	3	4	2																	2					14	5	mobile chewers	Coleoptera	Chrysomelidae	Deretichia sp. [CHRY108]
CHRY124																	3																						3	1	mobile chewers	Coleoptera	Chrysomelidae	Deretichia sp. [CHRY124]
CHRY023						2																														3			5	2	mobile chewers	Coleoptera	Chrysomelidae	Deretrichia sp. [CHRY023]
CHRY054						7		7					233	5	2		4	6	2					2											2				270	10	mobile chewers	Coleoptera	Chrysomelidae	Deretrichia sp. [CHRY054]
CHRY061																																				2			2	1	mobile chewers	Coleoptera	Chrysomelidae	Deretrichia sp. [CHRY061]
CHRY076														3	9			3																					15	3	mobile chewers	Coleoptera	Chrysomelidae	Deretrichia sp. [CHRY076]
CHRY147					5																																		5	1	mobile chewers	Coleoptera	Chrysomelidae	Deretrichia sp. [CHRY147]
CHRY029														109	2																								111	2	mobile chewers	Coleoptera	Chrysomelidae	Indet. [CHRY029]
CHRY118																			6																				6	1	mobile chewers	Coleoptera	Chrysomelidae	Indet. [CHRY118]
CHRY126												5																											5	1	mobile chewers	Coleoptera	Chrysomelidae	Indet. [CHRY126]
CHRY144																																	2						2	1	mobile chewers	Coleoptera	Chrysomelidae	Indet. [CHRY144]
CHRY145																									11														11	1	mobile chewers	Coleoptera	Chrysomelidae	Indet. [CHRY145]
CHRY093																5				6																2			13	3	mobile chewers	Coleoptera	Chrysomelidae	Lema staudingeri Jacoby
CHRY016			5			22	14	9												4										5						6	42		107	8	mobile chewers	Coleoptera	Chrysomelidae	Lomirana sp. nr. sulcipennis Jacoby
CHRY085													4																										4	1	mobile chewers	Coleoptera	Chrysomelidae	Melatia sp. [CHRY085]
CHRY090													2																										2	1	mobile chewers	Coleoptera	Chrysomelidae	Melatia sp. [CHRY090]
CHRY099													39																										39	1	mobile chewers	Coleoptera	Chrysomelidae	Melatia sp. nr. glochidionis (Gressitt)
CHRY020						6	3	3												25			8													2	7	30	84	8	mobile chewers	Coleoptera	Chrysomelidae	Microlepta sp. [CHRY020]
CHRY103																						3					10	4											17	3	mobile chewers	Coleoptera	Chrysomelidae	Microlepta sp. [CHRY103]
CHRY088				26																																			26	1	mobile chewers	Coleoptera	Chrysomelidae	Monolepta sp. [CHRY088]
CHRY089				164											2				27																				193	3	mobile chewers	Coleoptera	Chrysomelidae	Monolepta sp. [CHRY089]
CHRY120															2			3																					5	2	mobile chewers	Coleoptera	Chrysomelidae	Monolepta sp. [CHRY120]
CHRY111																		2																					2	1	mobile chewers	Coleoptera	Chrysomelidae	Nisotra or Cassena sp. [CHRY111]
CHRY068						16																															43	23	82	3	mobile chewers	Coleoptera	Chrysomelidae	Nisotra sp. [CHRY068]
CHRY003							7																															24	31	2	mobile chewers	Coleoptera	Chrysomelidae	Poneridea australis Boheman
CHRY009						57	3	6												4			28							4	11					12		22	147	9	mobile chewers	Coleoptera	Chrysomelidae	Prasyptera sp. nr. ornata Baly
CHRY133																					41																		41	1	mobile chewers	Coleoptera	Chrysomelidae	Promechus bimaculatus (Weise)
CHRY025							4																																4	1	mobile chewers	Coleoptera	Chrysomelidae	Rhyparida basalis Baly
CHRY031		15				2	11						2	23	17	26	3	36	4			5	2	5									15			5	7	5	183	17	mobile chewers	Coleoptera	Chrysomelidae	Rhyparida cacaovora Gressitt
CHRY019		10	3				8	5								6			9	2	2	2							6				18			3		7	81	13	mobile chewers	Coleoptera	Chrysomelidae	Rhyparida calami Gressitt
CHRY001		210	22	3		3	138	35				7	10	12	20	185	76	44	28	6		10	14	3	4		3		6	12	21		6			42	63	51	1034	27	mobile chewers	Coleoptera	Chrysomelidae	Rhyparida coriacea Jacoby
CHRY052						5							8			2			4	13	3									2									37	7	mobile chewers	Coleoptera	Chrysomelidae	Rhyparida fasciata Baly
CHRY021		5				2	8	7				2				2							5										3			5	8	3	50	11	mobile chewers	Coleoptera	Chrysomelidae	Rhyparida fruhstorferi Jacoby
CHRY046		7	2			3							5	45	88	140	91	77	13														3		2			6	482	13	mobile chewers	Coleoptera	Chrysomelidae	Rhyparida huona Gressitt
CHRY079		3				3								4			9	8															44					2	73	7	mobile chewers	Coleoptera	Chrysomelidae	Rhyparida lineolata Gressitt
CHRY014							2			2				18	14	17		21	3														3						80	8	mobile chewers	Coleoptera	Chrysomelidae	Rhyparida picticollis Gressitt
CHRY084													37	4		19			6					2															68	5	mobile chewers	Coleoptera	Chrysomelidae	Rhyparida pruinicolis Gressitt
CHRY037						15	54	22											4	2											2		2			4		2	107	9	mobile chewers	Coleoptera	Chrysomelidae	Rhyparida sinuata Gressitt
CHRY027														2						7																	20	2	31	4	mobile chewers	Coleoptera	Chrysomelidae	Rhyparida sp. [CHRY027]
CHRY113														18							4																		22	2	mobile chewers	Coleoptera	Chrysomelidae	Rhyparida sp. [CHRY113]
CHRY134																																	2						2	1	mobile chewers	Coleoptera	Chrysomelidae	Rhyparida sp. [CHRY134]
CHRY026							3							6		2		7																					18	4	mobile chewers	Coleoptera	Chrysomelidae	Rhyparida sp. nr. impressipennis Bryant
CHRY018																				2																			2	1	mobile chewers	Coleoptera	Chrysomelidae	Rhyparida sp. nr. normalis Gressitt
CHRY071																			2																				2	1	mobile chewers	Coleoptera	Chrysomelidae	Rhyparidella casuarinae Gressitt
CHRY082														22	5	16	12																						55	4	mobile chewers	Coleoptera	Chrysomelidae	Rhyparidella sewana gr. Gressitt
CHRY002		4	121			342	162	227					6	3				2	2	153			27		3		2		12	108	20	2	28			225	199	90	1738	21	mobile chewers	Coleoptera	Chrysomelidae	Rhyparidella sobrina gr. (Bryant)
CHRY012						2																																	2	1	mobile chewers	Coleoptera	Chrysomelidae	Rhyparidella sp. [CHRY012]
CHRY022																																						2	2	1	mobile chewers	Coleoptera	Chrysomelidae	Rhyparidella sp. [CHRY022]
CHRY032																		4	6											5									15	3	mobile chewers	Coleoptera	Chrysomelidae	Rhyparidella sp. [CHRY032]
CHRY044																														3									3	1	mobile chewers	Coleoptera	Chrysomelidae	Rhyparidella sp. [CHRY044]
CHRY155																																			11				11	1	mobile chewers	Coleoptera	Chrysomelidae	Rhyparidella sp. [CHRY155]
CHRY160																																			10				10	1	mobile chewers	Coleoptera	Chrysomelidae	Rhyparidella sp. [CHRY160]
CHRY057																																						2	2	1	mobile chewers	Coleoptera	Chrysomelidae	Sastra limbata Baly
CHRY033						6					2	2													2	2	6						11					2	33	8	mobile chewers	Coleoptera	Chrysomelidae	Sastra sp. [CHRY033]
CHRY038						8		6												3			5										3			2		2	29	7	mobile chewers	Coleoptera	Chrysomelidae	Sastra sp. nov. [CHRY038]
CHRY171																																	13						13	1	mobile chewers	Coleoptera	Chrysomelidae	Stethodes sp. nr. melostomae Gressitt
CHRY030		2	42		2	93	78	76			2	2	4	7	3	12				75			28						2	69	15		4		2	283	12	10	823	22	mobile chewers	Coleoptera	Chrysomelidae	Stethotes lateralis Baly
CHRY017																																						2	2	1	mobile chewers	Coleoptera	Chrysomelidae	Stethotes nigritula Baly
CHRY142																									53														53	1	mobile chewers	Coleoptera	Chrysomelidae	Sutrea sp. [CHRY142]
CHRY056							13	3		4								3	42	12			11													17		8	113	9	mobile chewers	Coleoptera	Chrysomelidae	Thyrasia? sp. [CHRY056]
CHRY158												4																											4	1	mobile chewers	Coleoptera	Chrysomelidae	Trachyaphthona sp. [CHRY158]
CHRY096																										2	13	10											25	3	mobile chewers	Coleoptera	Chrysomelidae	Trachyphathona sp. [CHRY096]
CHRY058																							8																8	1	mobile chewers	Coleoptera	Chrysomelidae	Xenidea sp. [CHRY058]
CURC022										69			37		3			2						2				2											115	6	mobile chewers	Coleoptera	Curculionidae	Alcidodes australis Boisduval
CURC005						8	28			2			2						4									2		5	17				3			4	75	10	mobile chewers	Coleoptera	Curculionidae	Alcidodes elegans (Guerin)
CURC019															11		2	2																					15	3	mobile chewers	Coleoptera	Curculionidae	Alcidodes praeustus Guerin
CURC051																											2												2	1	mobile chewers	Coleoptera	Curculionidae	Alcidodes sp. [CURC051]
CURC002	5	48	6	9	37		14		18	63	50	65	97	83	12	17	26	29	66	18	49	120	2	15	95	61	190	70	63			48	77	47	99				1599	31	mobile chewers	Coleoptera	Curculionidae	Apirocalus ebrius Faust
CURC046																										3						2							5	2	mobile chewers	Coleoptera	Curculionidae	Behrensiellus glabratus Pascoe
CURC009														2																									2	1	mobile chewers	Coleoptera	Curculionidae	Celeuthetes sp. [CURC009]
CURC008						2																								2									4	2	mobile chewers	Coleoptera	Curculionidae	Deretiosus aridus Pascoe
CURC040												30									16	6			55	2	8	5					2	2	27				153	10	mobile chewers	Coleoptera	Curculionidae	Elytrocheilus ruficollis Faust
CURC085					5																																		5	1	mobile chewers	Coleoptera	Curculionidae	Eupholus geoffroyi Guerin-Meneville
CURC017																							4							6									10	2	mobile chewers	Coleoptera	Curculionidae	Eutinophaea sp. [CURC017]
CURC066																												2											2	1	mobile chewers	Coleoptera	Curculionidae	Imathia sp. nr. unicolor Pascoe
CURC001		25		2	27	8	12		28	36	30	62	42	203	10	58	66	35	50		41	28		21	51	9	34	46	41	12		19	12	15	51		11		1085	30	mobile chewers	Coleoptera	Curculionidae	Indet. [CURC001]
CURC006																																						2	2	1	mobile chewers	Coleoptera	Curculionidae	Indet. [CURC006]
CURC010	4	62		5	75	7		2	34	44	189	133	57	73	16	50	89	30	20		33	83		49	50	23	83	75	70			21	53	62	129			2	1623	30	mobile chewers	Coleoptera	Curculionidae	Indet. [CURC010]
CURC012		121	3	4	89	3	19	6	249	82	112	219	55	160	23	71	68	65	44	15	28	195	3	43	47	44	77	139	73	11	3	27	79	77	172		16	9	2451	36	mobile chewers	Coleoptera	Curculionidae	Indet. [CURC012]
CURC026																												2											2	1	mobile chewers	Coleoptera	Curculionidae	Indet. [CURC026]
CURC028																	3																						3	1	mobile chewers	Coleoptera	Curculionidae	Indet. [CURC028]
CURC031																								2															2	1	mobile chewers	Coleoptera	Curculionidae	Indet. [CURC031]
CURC034														5																									5	1	mobile chewers	Coleoptera	Curculionidae	Indet. [CURC034]
CURC038																						2																	2	1	mobile chewers	Coleoptera	Curculionidae	Indet. [CURC038]
CURC039																2																							2	1	mobile chewers	Coleoptera	Curculionidae	Indet. [CURC039]
CURC044													2																										2	1	mobile chewers	Coleoptera	Curculionidae	Indet. [CURC044]
CURC054																																			3				3	1	mobile chewers	Coleoptera	Curculionidae	Indet. [CURC054]
CURC055																																			4				4	1	mobile chewers	Coleoptera	Curculionidae	Indet. [CURC055]
CURC067																											2												2	1	mobile chewers	Coleoptera	Curculionidae	Indet. [CURC067]
CURC069																											8												8	1	mobile chewers	Coleoptera	Curculionidae	Indet. [CURC069]
CURC087																					13																		13	1	mobile chewers	Coleoptera	Curculionidae	Indet. [CURC087]
CURC033													3	2				3						3															11	4	mobile chewers	Coleoptera	Curculionidae	Oribius sp. [CURC033]
CURC023																		3																					3	1	mobile chewers	Coleoptera	Curculionidae	Orthorhinus sp. [CURC023]
CURC037																						6						3											9	2	mobile chewers	Coleoptera	Curculionidae	Orthorhinus sp. [CURC037]
CURC035															5		6																						11	2	mobile chewers	Coleoptera	Curculionidae	Paepalosomus sp. [CURC035]
CURC007					4	2	4			4																													14	4	mobile chewers	Coleoptera	Curculionidae	Rhinoscapha doriae Pascoe
CURC003				2	5		5			5	2	6	5			3	4	4	7					2	2	3	2	2									2	3	64	18	mobile chewers	Coleoptera	Curculionidae	Rhinoscapha tricolor Faust
CURC048											6																												6	1	mobile chewers	Coleoptera	Curculionidae	Rhynocophorus? so. [CURC048]
CURC027																	2											2											4	2	mobile chewers	Coleoptera	Curculionidae	Trigonopterus sp. [CURC027]
CURC014																				2																			2	1	mobile chewers	Coleoptera	Curculionidae	Viticiina? sp. [CURC014]
ELAT004				8						14									11														2						35	4	mobile chewers	Coleoptera	Elateridae	Agrypnus sp. [ELAT004]
ELAT002														6		2			4																				12	3	mobile chewers	Coleoptera	Elateridae	Lacon sp. [ELAT002]
ELAT005																			2																				2	1	mobile chewers	Coleoptera	Elateridae	Simodactylus similis (Candeze)
ELAT012																																			2				2	1	mobile chewers	Coleoptera	Elateridae	Simodactylus sp. [ELAT012]
ACRI026													3	12	10	5	10	17																	3				60	7	mobile chewers	Orthoptera	Eumastacidae	Biroella bolivari polita (Bolivar)
ACRI042														2			2																						4	2	mobile chewers	Orthoptera	Eumastacidae	Biroella papuana Bolivar
ACRI009																											2												2	1	mobile chewers	Orthoptera	Eumastacidae	Indet. [ACRI009]
ACRI043													3	2	11	2	3	10																	8				39	7	mobile chewers	Orthoptera	Eumastacidae	Mnesiclesina furcata (Saussure)
ACRI044													2	9	12	3	10	19				2					12	8	2						8				87	11	mobile chewers	Orthoptera	Eumastacidae	Paramnesicles buergersi (Bolivar)
PHAS026																						18						2							5				25	3	mobile chewers	Phasmida	Heteronemiidae	Leprocaulinus sp. nr. vipera (B. von Wattenwyl)
PHAS001												2									2	4			5		5	8	5			2	6					3	42	10	mobile chewers	Phasmida	Heteronemiidae	Neopromachus lobatipes (B. von Wattenwyl)
PHAS002	4	5			5		5	3				8								4	7	5	5				2	5	18	3		6	10	2	5	5	3	6	116	21	mobile chewers	Phasmida	Heteronemiidae	Neopromachus vepres vepres B. von Wattenwyl
PHAS027		2										2													2														6	3	mobile chewers	Phasmida	Heteronemiidae	Neopromachus wallacei (Westwood)
PHAS037											13																												13	1	mobile chewers	Phasmida	Heteronemiidae	Sipiloidea sp. [PHAS037]
PHAS017																													2			3							5	2	mobile chewers	Phasmida	Phasmatidae	Anchiale maculata (Olivier)
PHAS004	2	2						2			2	2									6	8	2						4	4		5	4						43	12	mobile chewers	Phasmida	Phasmatidae	Dimorphodes prostasis serripes Redtenbacher
PHAS016		2																								2	2	2	3				2		3				16	7	mobile chewers	Phasmida	Phasmatidae	Eurycantha insularis Lucas
PHAS007		4							6			19									7	133			9	60	194	293	3	4		5	21	2	17				777	15	mobile chewers	Phasmida	Phasmatidae	Indet. [PHAS007]
PHAS022										2																	4						4						10	3	mobile chewers	Phasmida	Phasmatidae	Neopromachus sp. [PHAS022]
ACRI011	17	12			6	4	2	2	6		4	34	2		3	3	2		2	9	76	8	3		18	35	42	22	18	4		2	16	25	14	15	2	5	413	31	mobile chewers	Orthoptera	Pyrgomorphidae	Atractomorpha crenaticeps (Blanchard)
ACRI001	43	70	23		33	14	11	24	32		40	72	131	8	9	21	9	4	46	13	87	77	20	6	74	56	71	75	44	21	22	10	22	86	52	20	12	14	1372	36	mobile chewers	Orthoptera	Pyrgomorphidae	Desmopterella biroi (Bolivar)
PYRG008																											2												2	1	mobile chewers	Orthoptera	Pyrgomorphidae	Doriaella paradoxa (Bolivar)
ACRI023	3				5						4	16									7	11				7	6	10	2			2		4	2				79	13	mobile chewers	Orthoptera	Pyrgomorphidae	Menesesia novaeguineae Willemse
PYRG001	6	5			3				114								2				4	9		2	2	18	7	7					2	9	3				193	15	mobile chewers	Orthoptera	Pyrgomorphidae	Stenoxyphus aurantiacus (Karsh)
SCAR003																																			2				2	1	mobile chewers	Coleoptera	Scarabaeidae	Mimela sp. [SCAR003]
CHRY115													2													2													4	2	mobile chewers	Coleoptera	Tenebrionidae	Indet. [CHRY115]
TETT028																2																							2	1	mobile chewers	Orthoptera	Tettigoniidae	Aphroptera biroi Bolivar
TETT011		15																																					15	1	mobile chewers	Orthoptera	Tettigoniidae	Aucaloplacella sp. [TETT011] 
TETT041				2																																			2	1	mobile chewers	Orthoptera	Tettigoniidae	Biroa sp. [TETT041]
TETT049													2																										2	1	mobile chewers	Orthoptera	Tettigoniidae	Caedicia sp. [TETT049] 
TETT036													2														3												5	2	mobile chewers	Orthoptera	Tettigoniidae	Ducetia sp. [TETT036]
TETT019		2																										3		2									7	3	mobile chewers	Orthoptera	Tettigoniidae	Eumecopoda cyrtoscelis (Karsch)
TETT046				2																																			2	1	mobile chewers	Orthoptera	Tettigoniidae	Hexacentrus sp. [TETT046]
TETT002						2	2						2							2																		2	10	5	mobile chewers	Orthoptera	Tettigoniidae	Indet. [TETT002]
TETT006							2						5																								2		9	3	mobile chewers	Orthoptera	Tettigoniidae	Indet. [TETT006]
TETT018																																					2	2	4	2	mobile chewers	Orthoptera	Tettigoniidae	Indet. [TETT018]
TETT025																															2								2	1	mobile chewers	Orthoptera	Tettigoniidae	Indet. [TETT025]
TETT035										2			7																										9	2	mobile chewers	Orthoptera	Tettigoniidae	Indet. [TETT035]
TETT038				2									2	2	2	4		3	3					2															20	8	mobile chewers	Orthoptera	Tettigoniidae	Indet. [TETT038]
TETT044				2									15	3				2	2													3			2				29	7	mobile chewers	Orthoptera	Tettigoniidae	Indet. [TETT044]
TETT045				2						2	5		6						2						2				4				6						29	8	mobile chewers	Orthoptera	Tettigoniidae	Indet. [TETT045]
TETT052																	2																						2	1	mobile chewers	Orthoptera	Tettigoniidae	Indet. [TETT052]
TETT054																													2										2	1	mobile chewers	Orthoptera	Tettigoniidae	Indet. [TETT054]
TETT058									2																														2	1	mobile chewers	Orthoptera	Tettigoniidae	Indet. [TETT058]
TETT069	2																																						2	1	mobile chewers	Orthoptera	Tettigoniidae	Indet. [TETT069]
TETT023												2	3								4				2								2					4	17	6	mobile chewers	Orthoptera	Tettigoniidae	Phaneroptera sp. [TETT023] 
TETT008																													2										2	1	mobile chewers	Orthoptera	Tettigoniidae	Phyllophora cf. bispinosa Thompson
TETT001																																						3	3	1	mobile chewers	Orthoptera	Tettigoniidae	Phyllophora sp. [TETT001] 
TETT012						2	2	3																						4						2			13	5	mobile chewers	Orthoptera	Tettigoniidae	Phyllophora sp. [TETT012] 
TETT029																										2													2	1	mobile chewers	Orthoptera	Tettigoniidae	Pseudonicsara aerugifrons (Karny)
TETT022		2		9			2	4		13	2	2	92	7	8	12	10	9	24	2		9		6	4		8		3		3		17		10				258	23	mobile chewers	Orthoptera	Tettigoniidae	Psyrana ? sp. [TETT022] 
TETT043													2																										2	1	mobile chewers	Orthoptera	Tettigoniidae	Psyrana? sp. [TETT043] 
TETT048																								2															2	1	mobile chewers	Orthoptera	Tettigoniidae	Psyrana? sp. [TETT048] 
TETT007						7																																	7	1	mobile chewers	Orthoptera	Tettigoniidae	Sasima aequalis Karny
TETT004		3				4	9	3															3							4						2	2	5	35	9	mobile chewers	Orthoptera	Tettigoniidae	Tympanoptera cf. buergersi Beier 
TETT027															2																							2	4	2	mobile chewers	Orthoptera	Tettigoniidae	Tympanoptera sp. [TETT027]
CHOR002						6														3																	23		32	3	semi-concealed chewers	Lepidoptera	Choreutidae	Brenthia salaconia Meyrick
CHOR006																																	12						12	1	semi-concealed chewers	Lepidoptera	Choreutidae	Brenthia sp. [CHOR006]
CHOR009																													10										10	1	semi-concealed chewers	Lepidoptera	Choreutidae	Brenthia sp. [CHOR009]
CHOR001						11																	2															2	15	3	semi-concealed chewers	Lepidoptera	Choreutidae	Brenthia sp. nov. [CHOR001]
CHOR008A																		250																					250	1	semi-concealed chewers	Lepidoptera	Choreutidae	Brenthia sp. nov. [JR22]
CHOR001A							14																																14	1	semi-concealed chewers	Lepidoptera	Choreutidae	Brenthia sp. nov. [JR34]
CHOR001B								34																															34	1	semi-concealed chewers	Lepidoptera	Choreutidae	Brenthia sp. nov. [JR37]
CHOR003																																					2		2	1	semi-concealed chewers	Lepidoptera	Choreutidae	Brenthia sp. nov. [JR42]
TORT015			2																	34																	66		102	3	semi-concealed chewers	Lepidoptera	Choreutidae	Brenthia sp. nov. [JR43]
CHOR008														9	3		186																						198	3	semi-concealed chewers	Lepidoptera	Choreutidae	Brenthia sp. nov. [JR53]
CHOR002A			7																											42									49	2	semi-concealed chewers	Lepidoptera	Choreutidae	Brenthia sp. nov. [JR54]
CHOR002B																														18									18	1	semi-concealed chewers	Lepidoptera	Choreutidae	Brenthia sp. nov. [JR66]
TORT012			15			9		2												2											55								83	5	semi-concealed chewers	Lepidoptera	Choreutidae	Choreutis basalis (Felder & Rogenhofer)
TORT006			6			4	27	3												7			6							2						2	8	16	81	10	semi-concealed chewers	Lepidoptera	Choreutidae	Choreutis lutescens (Felder & Rogenhofer)
TORT005			114			586	78	87												46			342							82	47					104	102	28	1616	11	semi-concealed chewers	Lepidoptera	Choreutidae	Choreutis sp. nr. anthorma Meyrick [TORT005]
TORT013																							2															13	15	2	semi-concealed chewers	Lepidoptera	Choreutidae	Choreutis sp. nr. chi Durrant
CHOR005																									109														109	1	semi-concealed chewers	Lepidoptera	Choreutidae	Litobrenthia sp. nr. albimaculana (Snellen)
TORT009			7																												6								13	2	semi-concealed chewers	Lepidoptera	Choreutidae	Saptha sp. cf. exanthista (Meyr.)
TORT009A																															6								6	1	semi-concealed chewers	Lepidoptera	Choreutidae	Saptha sp. nov. [JR2]
PYRA008																											12	23											35	2	semi-concealed chewers	Lepidoptera	Crambidae	Coelorhycidia nitidalis Hampson
CRAM057																																	5						5	1	semi-concealed chewers	Lepidoptera	Crambidae	Cotachena fuscimarginalis Hampson
CRAM014																				4											2					4			10	3	semi-concealed chewers	Lepidoptera	Crambidae	Cotachena histricalis (Walker)
CRAM030			6																																				6	1	semi-concealed chewers	Lepidoptera	Crambidae	Glyphodes caesalis Walker
CRAM003			29			44	12													34			20							3	54					8	90	13	307	10	semi-concealed chewers	Lepidoptera	Crambidae	Glyphodes margaritaria (Clerck)
TORT111		1093																																					1093	1	semi-concealed chewers	Lepidoptera	Crambidae	Glyphodes pseudocaesalis Kenrick
CRAM008																				5										2							61	3	71	4	semi-concealed chewers	Lepidoptera	Crambidae	Glyphodes sp. cf. stolalis Guenee
CRAM012			17			39	3	13												47			14							5	14		7			21	32	28	240	12	semi-concealed chewers	Lepidoptera	Crambidae	Haritalodes adjunctalis Leraut
CRAM042												2																											2	1	semi-concealed chewers	Lepidoptera	Crambidae	Herpetogramma exculta (Lucas)
CRAM029																																			2			2	4	2	semi-concealed chewers	Lepidoptera	Crambidae	Herpetogramma platycapna (Meyrick)
CRAM018																				4										2	6								12	3	semi-concealed chewers	Lepidoptera	Crambidae	Herpetogramma sp. bipunctalis (F.) complex 
CRAM036				9																																			9	1	semi-concealed chewers	Lepidoptera	Crambidae	Isocentris sp. [CRAM036]
PYRA001				286																																			286	1	semi-concealed chewers	Lepidoptera	Crambidae	Isocentris sp. nr. aequalis (Lederer)
PYRA007																											4	2											6	2	semi-concealed chewers	Lepidoptera	Crambidae	Meekiaria purpurea Hampson
CRAM041																										2	253	226							3				484	4	semi-concealed chewers	Lepidoptera	Crambidae	Meekiaria sp. [CRAM041]
CRAM049																												2											2	1	semi-concealed chewers	Lepidoptera	Crambidae	Meekiaria sp. nr. lignea Munroe
CRAM044																											21	55											76	2	semi-concealed chewers	Lepidoptera	Crambidae	Meekiaria sp. [CRAM044] 
CRAM033																																					2		2	1	semi-concealed chewers	Lepidoptera	Crambidae	Meroctena staintonii Lededer
CRAM054																																	76						76	1	semi-concealed chewers	Lepidoptera	Crambidae	Musotima vagilinealis (Hampson)
CRAM062					20																																		20	1	semi-concealed chewers	Lepidoptera	Crambidae	No adult reared [CRAM062]
CRAM026																							2													2			4	2	semi-concealed chewers	Lepidoptera	Crambidae	Notarcha sp. nr. quaternalis (Zeller)
CRAM013								2												3																			5	2	semi-concealed chewers	Lepidoptera	Crambidae	Orthospila sp. nr. orissusalis (Walker)
CRAM051																																	66						66	1	semi-concealed chewers	Lepidoptera	Crambidae	Orthospila sp. nr. orissusalis (Walker)
PYRA013																									10														10	1	semi-concealed chewers	Lepidoptera	Crambidae	Pagyda ochrealis Whalley and botydalis Snellen
CRAM039																						247																	247	1	semi-concealed chewers	Lepidoptera	Crambidae	Paradomina sp. nr. tabidialis & plagiferalis
CRAM055																																			3				3	1	semi-concealed chewers	Lepidoptera	Crambidae	Parotis sp. marginata (Hampson) complex
GEOM001			3			5														3														552	19				582	5	semi-concealed chewers	Lepidoptera	Crambidae	Parotis sp. nr. marginata (Hampson)
CRAM037																																			343				343	1	semi-concealed chewers	Lepidoptera	Crambidae	Parotis suralis (Lederer)
CRAM011			3																																				3	1	semi-concealed chewers	Lepidoptera	Crambidae	Pleuroptya sabinusalis (Walker)
CRAM058																																	3						3	1	semi-concealed chewers	Lepidoptera	Crambidae	Prooedema inscisalis (Walker)
CRAM038																						32																	32	1	semi-concealed chewers	Lepidoptera	Crambidae	Prophantis adusta Inoue
CRAM045												113																											113	1	semi-concealed chewers	Lepidoptera	Crambidae	Protonoceres eucosma (Turner)
CRAM034																				3		3									2				17				25	4	semi-concealed chewers	Lepidoptera	Crambidae	Pycnarmon argenticincta Hampson
CRAM023																				2					234														236	2	semi-concealed chewers	Lepidoptera	Crambidae	Pycnarmon jaguaralis papualis Munroe
CRAM010																				2					3														5	2	semi-concealed chewers	Lepidoptera	Crambidae	Pycnarmon sp. nr. dryocentra Meyrick
CRAM047																																			4				4	1	semi-concealed chewers	Lepidoptera	Crambidae	Syllepte melangnatha (Hampson)
CRAM056																									27														27	1	semi-concealed chewers	Lepidoptera	Crambidae	Syllepte planeflava Hampson
CRAM020																																					2		2	1	semi-concealed chewers	Lepidoptera	Crambidae	Syntomodera sp. nr. thoasalis (Walker)
CRAM005						26	7	8												8			72							17	5					53	16	2	214	10	semi-concealed chewers	Lepidoptera	Crambidae	Talanga deliciosa (Butler)
CRAM002			3			13	239	6												6			6							4	8					121	4	56	466	11	semi-concealed chewers	Lepidoptera	Crambidae	Talanga excelsalis (Walker)
CRAM009						14	19	3																												4		15	55	5	semi-concealed chewers	Lepidoptera	Crambidae	Talanga polyzonalis (Hampson)
CRAM006			2			3	16	4												3			9								2					3	5	14	61	10	semi-concealed chewers	Lepidoptera	Crambidae	Talanga sexpunctalis (Moore)
XXXX068														61	285	7	57	5																					415	5	semi-concealed chewers	Lepidoptera	Gelechiidae	Dichomeris sp. [XXXX068]
XXXX076				3										5	2	290	6	9																					315	6	semi-concealed chewers	Lepidoptera	Gelechiidae	Dichomeris sp. [XXXX076]
XXXX095																													446										446	1	semi-concealed chewers	Lepidoptera	Gelechiidae	Dichomeris sp. [XXXX095] 
XXXX048														7	13		9	152																					181	4	semi-concealed chewers	Lepidoptera	Gelechiidae	Dichomeris ochreoviridella (Pagenstecher)
XXXX048A														7	14		9	152																					182	4	semi-concealed chewers	Lepidoptera	Gelechiidae	Dichomeris sp. near ochreoviridella (Pag.) 
XXXX079													8																										8	1	semi-concealed chewers	Lepidoptera	Gelechiidae	Gen. nr. Dichomeris sp. [XXXX079]
TORT055						3																																	3	1	semi-concealed chewers	Lepidoptera	Gelechiidae	Indet. [TORT055]
XXXX078															3			12																					15	2	semi-concealed chewers	Lepidoptera	Gracillariidae	Deoptilia sp. [XXXX078]
XXXX100																																	156						156	1	semi-concealed chewers	Lepidoptera	Gracillariidae	Psydrocercops sp. [XXXX100]
HESP002	16																																						16	1	semi-concealed chewers	Lepidoptera	Hesperiidae	Cephrenes sp. nr. augiades (C. Felder)
HESP003																													2										2	1	semi-concealed chewers	Lepidoptera	Hesperiidae	No adult reared [HESP003]
HESP004	5																																						5	1	semi-concealed chewers	Lepidoptera	Hesperiidae	No adult reared [HESP004]
HYBL001																									12														12	1	semi-concealed chewers	Lepidoptera	Hyblaeidae	Hyblaea constellata Guenee
HYBL002																									9														9	1	semi-concealed chewers	Lepidoptera	Hyblaeidae	Hyblaea puera (Cramer) complex
CRAM053																																163							163	1	semi-concealed chewers	Lepidoptera	Immidae	Imma niphopelta Meyrick
TORT071				15									2		2			3		2					6				2				7						39	8	semi-concealed chewers	Lepidoptera	Immidae	Moca congrualis (Walsingham)
XXXX090											32																2		2										36	3	semi-concealed chewers	Lepidoptera	Lecithoceridae	Scythropiodes sp. nov. nr. perissa (Diakonoff)
TORT120																													6										6	1	semi-concealed chewers	Lepidoptera	Peleopodidae	Acria sciogramma Meyrick
PSYC001											2					2		2	2										7		3								18	6	semi-concealed chewers	Lepidoptera	Psychidae	Eumeta variegata (Snellen)
PSYC016		2							5																														7	2	semi-concealed chewers	Lepidoptera	Psychidae	Mahasena andamana Moore
PSYC005				7					7		12			6	3	6	5	13	4		2				3				18			3	2		10				101	15	semi-concealed chewers	Lepidoptera	Psychidae	No adult reared [PSYC005]
PSYC008																		7																					7	1	semi-concealed chewers	Lepidoptera	Psychidae	No adult reared [PSYC008]
PSYC009				2														2																					4	2	semi-concealed chewers	Lepidoptera	Psychidae	No adult reared [PSYC009]
PSYC014																																			3				3	1	semi-concealed chewers	Lepidoptera	Psychidae	No adult reared [PSYC014]
PSYC015																																			4				4	1	semi-concealed chewers	Lepidoptera	Psychidae	No adult reared [PSYC015]
PSYC006				8	2				8	2	8		2	2	7	2	2	14	2						10				17						15				101	15	semi-concealed chewers	Lepidoptera	Psychidae	Oiketicus sp. [PSYC006]
PTER002																									57														57	1	semi-concealed chewers	Lepidoptera	Pterophoridae	Cosmoclostis sp. nov. [PTER002]
NOCT058																													2										2	1	semi-concealed chewers	Lepidoptera	Pyralidae	No adult reared [NOCT058]
PYRA002														51	24		25	41																					141	4	semi-concealed chewers	Lepidoptera	Pyralidae	Orthaga melanoperalis Hampson
NOCT020																		2											9										11	2	semi-concealed chewers	Lepidoptera	Pyralidae	Orthaga sp. nr. percnodes Turner
TORT041						2																	6													7		6	21	4	semi-concealed chewers	Lepidoptera	Pyralidae	Pseudocera trissosticha (Turner)
XXXX070										9																													9	1	semi-concealed chewers	Lepidoptera	Pyralidae	Ptyomaxia sp. [XXXX070]
XXXX021														2	71		9	3																					85	4	semi-concealed chewers	Lepidoptera	Pyralidae	Unadophanes trissomita (Turner)
TORT062														31	9		31	52																					123	4	semi-concealed chewers	Lepidoptera	Thyrididae	Addaea pusilla (Butler)
THYR002																								4															4	1	semi-concealed chewers	Lepidoptera	Thyrididae	Aglaopus leprosa (Warren)
GEOM044																																			11				11	1	semi-concealed chewers	Lepidoptera	Thyrididae	Aglaopus sp. nr. scintillans (Warren)
TORT083														5		2																							7	2	semi-concealed chewers	Lepidoptera	Thyrididae	Mellea nitida (Pagenstecher)
THYR001														243	13	7	17	10						7															297	6	semi-concealed chewers	Lepidoptera	Thyrididae	Mellea ordinaria (Warren) complex
TORT075															2	15	6	3																					26	4	semi-concealed chewers	Lepidoptera	Thyrididae	Mellea ramifera (Warren)
THYR003															27			111																					138	2	semi-concealed chewers	Lepidoptera	Thyrididae	Pharambara splendida (Butler)
THYR005																		18																					18	1	semi-concealed chewers	Lepidoptera	Thyrididae	Rhodoneura aurata (Butler)
TORT121																													2										2	1	semi-concealed chewers	Lepidoptera	Tortricidae	Adoxophyes sp. [TORT121]
TORT034				3						2										2					3								8				9	2	29	7	semi-concealed chewers	Lepidoptera	Tortricidae	Adoxophyes fasciculana (Walker)
TORT044				7	4			3					3							2			3						28			3	2						55	9	semi-concealed chewers	Lepidoptera	Tortricidae	Adoxophyes sp. [TORT044]
TORT066					8									2							3			3					21			3	7						47	7	semi-concealed chewers	Lepidoptera	Tortricidae	Adoxophyes sp. [TORT066]
TORT131				7						2										2	2		2						63			5					4	4	91	9	semi-concealed chewers	Lepidoptera	Tortricidae	Adoxophyes sp. [TORT131]
TORT008			2		4															2	3								4										15	5	semi-concealed chewers	Lepidoptera	Tortricidae	Adoxophyes templana Pag. complex A
TORT008a			2																										6				3						11	3	semi-concealed chewers	Lepidoptera	Tortricidae	Adoxophyes templana Pag. complex B
TORT022			17	8		7	7	7					9							8			5	3					17		2		2				11	5	108	14	semi-concealed chewers	Lepidoptera	Tortricidae	Adoxophyes thoracica Diakonoff
TORT037										4																													4	1	semi-concealed chewers	Lepidoptera	Tortricidae	Adoxophyes tripselia (Lower)
TORT064													58				3																						61	2	semi-concealed chewers	Lepidoptera	Tortricidae	Gatesclarkeana pachnodes (Meyrick)
TORT110					505																																		505	1	semi-concealed chewers	Lepidoptera	Tortricidae	Gen. nov. sp. nov. [TORT110] 
TORT063				4														3																					7	2	semi-concealed chewers	Lepidoptera	Tortricidae	Gen. nr. but not Acroclita sp. [TORT063]
TORT065													4	5										50															59	3	semi-concealed chewers	Lepidoptera	Tortricidae	Heleanna sp. [TORT065]
TORT086																													4										4	1	semi-concealed chewers	Lepidoptera	Tortricidae	Homona auriga (Meyrick)
TORT040			4	6			7	2	310		180									11			4	2	2				59	4	2						7	2	602	15	semi-concealed chewers	Lepidoptera	Tortricidae	Homona mermerodes Meyrick
TORT067																													10										10	1	semi-concealed chewers	Lepidoptera	Tortricidae	Homona trachyptera Diakonoff
TORT141																																5							5	1	semi-concealed chewers	Lepidoptera	Tortricidae	No adult reared [TORT141]
TORT117																																106							106	1	semi-concealed chewers	Lepidoptera	Tortricidae	Sorolopha sp. [TORT117] 
TORT132																																3							3	1	semi-concealed chewers	Lepidoptera	Tortricidae	Sorolopha sp. nr. elaeodes Lower
TORT039																				2													25						27	2	semi-concealed chewers	Lepidoptera	Tortricidae	Xenothictis gnetivora Brown, Miller & Horak
