plantpar	herbivore
PAD	PSYC021
PAD	PSYC021
PAD	PSYC021
HIS	LYCA001
MAF	LYCA006
MAF	LYCA006
COR	HESP007
COR	HESP007
COR	HESP007
COR	HESP007
COR	HESP007
COR	HESP007
COR	HESP007
COR	HESP007
COR	HESP007
COR	HESP007
COR	HESP007
COR	HESP007
COR	HESP007
COR	HESP007
SPA	SPHI019
SPA	SPHI005
SPA	SPHI005
SPA	SPHI005
SPA	SPHI005
SPA	SPHI005
SPA	SPHI005
SPA	SPHI005
SPA	SPHI005
SPA	SPHI005
SPA	SPHI005
SPA	SPHI019
SPA	SPHI019
SPA	SPHI019
SPA	SPHI005
SPA	SPHI005
SPA	SPHI005
SPA	SPHI005
SPA	SPHI019
SPA	SPHI019
SPA	SPHI019
SPA	SPHI019
SPA	SPHI019
SPA	SPHI005
SPA	SPHI005
SPA	SPHI005
SPA	SPHI005
SPA	SPHI005
SPA	SPHI005
SPA	SPHI005
SPA	SPHI005
SPA	SPHI005
SPA	SPHI005
SPA	SPHI005
SPA	SPHI005
SPA	SPHI005
SPA	SPHI005
SPA	SPHI019
SPA	SPHI019
SPA	SPHI019
SPA	SPHI019
SPA	SPHI019
SPA	SPHI019
SPA	SPHI019
SPA	SPHI019
SPA	SPHI019
SPA	SPHI019
SPA	SPHI019
SPA	SPHI019
SPA	SPHI019
SPA	SPHI019
SPA	SPHI019
SPA	SPHI019
SPA	SPHI019
SPA	SPHI019
SPA	SPHI019
SPA	SPHI019
SPA	SPHI019
SPA	SPHI019
SPA	SPHI019
SPA	SPHI019
SPA	SPHI019
SPA	SPHI005
SPA	SPHI005
MAF	TORT005
MAF	TORT005
MAF	TORT005
PRE	URAN009
PRE	URAN009
PRE	URAN009
PRE	URAN009
KLE	LYMA060
KLE	LYMA060
KLE	LYMA060
TIT	LYMA026
TRI	PYRA021
TRI	PYRA021
TRI	PYRA021
TRI	PYRA021
TRI	PYRA021
TRI	PYRA021
TRI	PYRA021
TRI	THYR010
TRI	THYR010
TRI	THYR010
TRI	LYMA059
TRI	LYMA059
TRI	LYMA059
TRI	LYMA059
TRI	THYR010
TRI	GEOM034
TRI	GEOM034
TRI	GEOM034
TRI	GEOM034
TRI	GEOM034
TRI	GEOM034
TRI	GEOM034
SPA	GEOM051
SPA	GEOM051
SPA	GEOM051
KLE	LYMA039
KLE	LYMA039
SPA	GEOM015
PUN	LYCA001
DRA	TORT040
DRA	TORT040
PAR	NOCT010
HIS	NOCT010
PAR	NOCT010
PAR	NOCT010
PAR	TORT005
PAR	TORT005
HYB	CRAM012
HYB	CRAM012
HYB	CRAM012
HYB	CRAM012
HYB	CRAM012
HYB	CRAM012
HYB	CRAM012
HYB	CRAM012
HYB	CRAM012
HYB	CRAM012
HYB	CRAM012
HYB	CRAM012
HYB	CRAM012
HYB	CRAM012
KLE	CRAM012
KLE	CRAM012
GUL	CRAM005
ART	TORT111
HEL	PYRA026
HYB	CRAM013
HYB	CRAM013
HYB	CRAM013
HYB	CRAM013
HYB	CRAM013
TRI	CRAM013
TRI	CRAM013
TRI	CRAM013
TRI	CRAM013
TRI	CRAM013
TRI	CRAM013
TRI	CRAM013
TRI	CRAM013
TRI	CRAM013
TRI	CRAM013
TRI	CRAM013
TRI	CRAM013
TRI	PYRA021
TRI	CRAM013
TRI	CRAM013
TRI	CRAM013
TRI	CRAM013
TRI	CRAM013
TRI	CRAM013
TRI	CRAM013
LIT	TORT184
COR	TORT040
COR	TORT040
COR	TORT040
COR	TORT040
COR	TORT040
COR	TORT040
DRA	TORT040
KLE	TORT022
SPA	TORT022
COR	HESP007
COR	HESP007
COR	HESP007
COR	HESP007
COR	HESP007
COR	HESP007
COR	HESP007
COR	HESP007
COR	HESP007
COR	HESP007
COR	HESP007
COR	HESP007
COR	HESP007
COR	HESP007
COR	HESP007
COR	HESP007
COR	HESP007
MAA	XXXX021
MAA	XXXX021
MAA	XXXX021
MAA	XXXX021
MAA	XXXX021
MAA	XXXX021
MAA	XXXX021
MAA	XXXX021
MAA	XXXX021
MAA	XXXX021
MAA	XXXX021
MAA	XXXX021
MAA	XXXX021
MAA	XXXX021
MAA	XXXX021
MAA	XXXX021
MAA	XXXX021
MAA	XXXX021
MAA	XXXX068
MAA	XXXX021
MAF	XXXX021
MOL	CRAM003
GUL	CRAM005
GUL	CRAM005
MAF	XXXX068
MAF	XXXX068
MAF	XXXX068
MAF	XXXX068
MAF	XXXX068
MAF	XXXX068
MAF	XXXX068
MAF	XXXX068
ART	TORT111
ART	TORT111
ART	TORT111
ART	TORT111
ART	TORT111
ART	TORT111
ART	TORT111
ART	TORT111
ART	TORT111
ART	TORT111
ART	TORT111
ART	TORT111
ART	TORT111
ART	TORT111
ART	TORT111
ART	TORT111
ART	TORT111
ART	TORT111
ART	TORT111
ART	TORT111
ART	TORT111
ART	TORT111
ART	TORT111
ART	TORT111
ART	TORT111
ART	TORT111
ART	TORT111
ART	TORT111
ART	TORT111
ART	TORT111
ART	TORT111
ART	TORT111
ART	TORT111
ART	TORT111
ART	TORT111
ART	TORT111
ART	TORT111
ART	TORT111
ART	TORT111
ART	TORT111
ART	TORT111
ART	TORT111
ART	TORT111
ART	TORT111
ART	TORT111
ART	TORT111
ART	TORT111
ART	TORT111
ART	TORT111
ART	TORT111
ART	TORT111
ART	TORT111
ART	TORT111
ART	TORT111
ART	TORT111
ART	TORT111
ART	TORT111
ART	TORT111
ART	TORT111
ART	TORT111
ART	TORT111
ART	TORT111
ART	TORT111
ART	TORT111
ART	TORT111
ART	TORT111
ART	TORT111
ART	TORT111
ART	TORT111
ART	TORT111
ART	TORT111
ART	TORT111
ART	TORT111
ART	TORT111
ART	TORT111
ART	TORT111
ART	TORT111
ART	TORT111
ART	TORT111
ART	TORT111
ART	TORT111
ART	TORT111
ART	TORT111
ART	TORT111
ART	TORT111
ART	TORT111
ART	TORT111
ART	TORT111
ART	TORT111
ART	TORT111
ART	TORT111
ART	TORT111
ART	TORT111
ART	TORT111
ART	TORT111
ART	TORT111
ART	TORT111
ART	TORT111
ART	TORT111
ART	TORT111
ART	TORT111
ART	TORT111
ART	TORT111
ART	TORT111
ART	TORT111
ART	TORT111
ART	TORT111
ART	TORT111
ART	TORT111
ART	TORT111
ART	TORT111
ART	TORT111
ART	TORT111
ART	TORT111
ART	TORT111
ART	TORT111
ART	TORT111
ART	TORT111
ART	TORT111
ART	TORT111
ART	TORT111
ART	TORT111
ART	TORT111
ART	TORT111
ART	TORT111
BAR	PYRA027
BER	CHOR002
BER	CHOR002
BER	CHOR002
CAS	GEOM064
CAS	GEOM074
CAS	GEOM074
CAS	TORT110
CAS	GEOM073
CAS	TORT110
CAS	GEOM064
CAS	GEOM076
CAS	GEOM064
CON	CHOR001
CON	CHOR001
CON	CHOR001
CON	CHOR002
COP	TORT006
COP	TORT006
COP	CRAM002
COR	TORT040
COR	TORT040
COR	TORT040
COR	TORT040
COR	TORT131
COR	TORT040
COR	XXXX090
COR	TORT040
COR	TORT040
COR	TORT040
COR	TORT040
COR	TORT040
COR	TORT008
COR	TORT008
COR	TORT066
COR	TORT066
COR	XXXX090
COR	TORT040
COR	TORT040
COR	TORT040
COR	TORT040
COR	TORT040
COR	TORT040
COR	TORT040
COR	TORT040
COR	TORT040
COR	TORT040
COR	HESP007
COR	HESP007
COR	TORT040
COR	XXXX090
COR	TORT008
COR	TORT040
COR	HESP007
COR	HESP007
COR	NYMP012
COR	HESP007
COR	HESP007
COR	TORT040
COR	HESP007
COR	HESP007
COR	HESP007
COR	HESP007
COR	HESP007
COR	HESP007
COR	HESP007
COR	HESP007
COR	TORT040
COR	XXXX090
COR	XXXX090
COR	XXXX090
COR	TORT066
COR	TORT066
COR	TORT066
COR	TORT040
COR	TORT040
COR	HESP007
COR	HESP007
COR	HESP007
COR	HESP007
COR	HESP007
COR	HESP007
COR	HESP007
COR	NOCT049
COR	HESP007
COR	HESP007
COR	TORT040
COR	TORT040
COR	HESP007
COR	HESP007
COR	HESP007
DAM	CHOR016
DAM	CHOR016
DAM	CHOR016
DAM	CHOR016
DAM	CHOR016
DAM	CHOR016
DAM	CHOR016
DAM	CHOR016
DAM	CHOR016
DRA	GEOM067
DRA	TORT040
DRA	GEOM067
DRA	GEOM067
DRA	TORT040
DRA	TORT040
DRA	TORT040
DRA	TORT040
DRA	GEOM067
DRA	GEOM067
DRA	TORT131
DRA	GEOM067
DRA	TORT040
DRA	TORT040
DRA	TORT040
DRA	TORT040
DRA	TORT040
DRA	TORT040
DRA	TORT040
DRA	TORT040
DRA	TORT040
DRA	GEOM067
DRA	GEOM067
DRA	GEOM067
DRA	TORT040
DRA	GEOM067
DRA	TORT040
DRA	TORT040
DRA	TORT040
DRA	TORT040
DRA	TORT040
DRA	TORT040
DRA	TORT040
DRA	TORT040
DRA	TORT040
DRA	TORT040
DRA	GEOM067
DRA	TORT040
DRA	TORT040
EUP	XXXX090
GEU	PYRA003
GEU	PYRA003
GEU	HYBL003
GEU	PYRA003
GEU	PYRA003
GEU	PYRA003
GEU	CHOR012
GEU	CHOR012
GEU	CHOR012
GEU	CHOR012
GEU	PYRA003
GEU	PYRA003
GEU	PYRA003
GEU	CHOR012
GEU	CHOR012
GEU	CHOR012
GEU	CHOR012
GEU	CHOR012
GEU	CHOR012
GEU	CHOR012
GEU	HYBL001
GEU	HYBL001
GEU	PYRA003
GEU	PYRA003
GEU	PYRA003
GEU	PYRA003
GEU	PYRA003
GEU	PYRA003
GEU	PYRA013
GEU	CHOR012
GEU	PYRA003
GEU	PYRA003
GEU	PYRA003
GEU	PYRA013
GEU	PYRA003
GEU	PYRA013
GEU	CHOR012
GEU	TORT131
GEU	PYRA003
GEU	PYRA003
GEU	PYRA003
GEU	PYRA013
GNE	TORT122
GNE	XXXX090
GNE	TORT071
GNE	TORT039
GNE	TORT122
GNE	TORT122
GNE	TORT039
GNE	TORT039
GNE	TORT039
GNE	TORT122
GNE	TORT122
GNE	TORT039
GNE	TORT071
GNE	TORT040
GNE	TORT040
GNE	TORT039
GNE	TORT039
GNE	TORT040
GNE	TORT122
GUL	CRAM005
GUL	CRAM005
GUL	CRAM005
GUL	CRAM005
GUL	CRAM005
GUL	CRAM005
HEL	PYRA026
HEL	PYRA026
HIS	TORT005
HIS	TORT005
HIS	NOCT010
HIS	NOCT010
HIS	NOCT010
HIS	CHOR002
HIS	TORT005
HIS	CHOR002
HIS	CHOR002
HIS	TORT012
HIS	TORT005
HIS	CHOR002
HOR	LIMA025
HOR	LIMA025
HOR	LIMA025
HOR	LIMA025
HOR	LIMA025
HOR	LIMA025
HOR	LIMA025
HOR	LIMA025
HOR	LIMA025
HOR	LIMA025
HOR	XXXX130
HOR	XXXX130
HOR	XXXX130
HOR	XXXX130
HOR	XXXX130
HOR	HESP006
HOR	HESP006
HOR	HESP006
HYB	CRAM012
HYB	CRAM012
HYB	CRAM012
HYB	CRAM012
HYB	CRAM012
HYB	CRAM012
HYB	CRAM012
HYB	CRAM012
HYB	CRAM012
HYB	CRAM012
HYB	CRAM012
HYB	CRAM012
HYB	CRAM012
HYB	CRAM012
HYB	CRAM012
HYB	CRAM012
HYB	CRAM012
HYB	CRAM012
HYB	CRAM012
HYB	CRAM012
HYB	CRAM012
HYB	CRAM012
HYB	CRAM012
HYB	CRAM012
HYB	CRAM012
HYB	CRAM012
HYB	CRAM012
HYB	CRAM012
HYB	CRAM012
HYB	CRAM012
HYB	CRAM012
HYB	CRAM012
HYB	CRAM012
HYB	CRAM012
HYB	CRAM012
HYB	CRAM012
HYB	CRAM012
HYB	CRAM012
HYB	CRAM012
HYB	CRAM012
HYB	NOCT078
HYB	CRAM012
HYB	CRAM012
HYB	CRAM012
HYB	CRAM012
HYB	CRAM012
HYB	CRAM012
HYB	CRAM012
HYB	CRAM012
HYB	CRAM012
HYB	CRAM012
HYB	CRAM012
HYB	CRAM012
HYB	CRAM012
HYB	NOCT083
HYB	NOCT077
HYB	CRAM012
HYB	CRAM012
HYB	CRAM012
HYB	CRAM012
HYB	CRAM012
HYB	CRAM012
HYB	CRAM012
HYB	CRAM012
HYB	CRAM012
HYB	CRAM012
HYB	NOCT077
HYB	NOCT077
HYB	NOCT077
HYB	NOCT077
HYB	NOCT077
HYB	NOCT077
HYB	NOCT077
HYB	NOCT077
HYB	NOCT077
HYB	CRAM012
HYB	PYRA007
HYB	PYRA007
HYB	NOCT077
HYB	NOCT077
HYB	NOCT077
HYB	NOCT077
HYB	NOCT077
HYB	NOCT077
HYB	NOCT077
HYB	NOCT077
HYB	NOCT077
HYB	NOCT077
HYB	NOCT077
HYB	NOCT077
HYB	NOCT077
HYB	NOCT077
HYB	CRAM012
HYB	CRAM012
HYB	PYRA022
HYB	CRAM012
HYB	CRAM012
HYB	CRAM012
HYB	CRAM012
HYB	CRAM012
HYB	CRAM012
HYB	CRAM012
HYB	CRAM012
HYB	CRAM012
HYB	CRAM012
HYB	CRAM012
HYB	CRAM012
HYB	CRAM012
HYB	CRAM012
HYB	CRAM012
HYB	CRAM012
HYB	CRAM012
HYB	CRAM012
HYB	CRAM012
HYB	CRAM012
HYB	CRAM013
HYB	CRAM013
HYB	NOCT077
HYB	NOCT077
HYB	NOCT077
HYB	NOCT077
HYB	NOCT077
HYB	NOCT077
HYB	NOCT077
HYB	NOCT077
HYB	NOCT077
HYB	CRAM077
HYB	CRAM012
HYB	CRAM013
HYB	CRAM013
HYB	CRAM013
HYB	CRAM012
HYB	CRAM012
HYB	GEOM132
HYB	GEOM132
HYB	GEOM132
HYB	GEOM132
HYB	GEOM132
HYB	NOCT077
HYB	CRAM077
HYB	CRAM077
HYB	CRAM077
HYB	CRAM034
HYB	CRAM012
HYB	CRAM012
HYB	CRAM013
HYB	CRAM077
HYB	TORT040
HYB	CRAM012
HYB	CRAM012
HYB	CRAM012
HYB	NOCT077
HYB	NOCT077
HYB	THYR011
HYB	THYR011
HYB	THYR011
HYB	THYR011
HYB	CRAM012
HYB	CRAM012
HYB	CRAM012
HYB	CRAM012
HYB	CRAM012
HYB	GEOM132
HYB	TORT131
HYB	CRAM012
HYB	CRAM012
HYB	CRAM012
HYB	CRAM012
HYB	CRAM012
HYB	CRAM012
HYB	THYR011
HYB	NOCT077
HYB	NOCT077
HYB	NOCT077
HYB	NOCT077
HYB	NOCT077
HYB	NOCT077
HYB	NOCT077
HYB	NOCT077
HYB	NOCT085
HYB	NOCT085
HYB	NOCT085
HYB	GEOM130
HYB	GEOM130
HYB	CRAM013
HYB	CRAM013
HYB	CRAM013
HYB	CRAM013
HYB	CRAM012
HYB	CRAM012
HYB	CRAM012
HYB	CRAM012
HYB	CRAM012
HYB	CRAM012
HYB	CRAM012
HYB	CRAM012
HYB	CRAM012
HYB	CRAM012
HYB	CRAM012
HYB	CRAM012
HYB	CRAM012
HYB	CRAM012
HYB	CRAM012
HYB	CRAM012
HYB	CRAM012
HYB	CRAM012
HYB	CRAM012
HYB	CRAM012
HYB	CRAM012
HYB	NOCT077
HYB	CRAM077
HYB	GEOM132
HYB	CRAM012
HYB	CRAM012
HYB	CRAM012
HYB	CRAM012
HYB	CRAM012
HYB	NOCT085
HYB	NOCT083
HYB	NOCT083
HYB	NOCT083
HYB	NOCT083
HYB	NOCT083
HYB	NOCT083
HYB	NOCT077
HYB	NOCT077
HYB	NOCT077
HYB	NOCT077
HYB	NOCT077
HYB	NOCT077
HYB	NOCT077
HYB	NOCT077
HYB	NOCT077
HYB	NOCT077
HYB	NOCT077
HYB	NOCT085
HYB	CRAM012
HYB	CRAM012
HYB	CRAM012
HYB	CRAM012
HYB	NOCT077
HYB	LYMA062
HYB	NOCT077
HYB	NOCT077
HYB	NOCT077
KLE	GEOM006
KLE	GEOM006
KLE	GEOM006
KLE	TORT071
KLE	GEOM006
KLE	GEOM006
KLE	GEOM006
KLE	LYMA060
KLE	GEOM113
KLE	TORT131
KLE	NOTO004
KLE	NOTO004
KLE	NOTO004
KLE	NOTO004
KLE	TORT131
KLE	TORT131
KLE	TORT131
KLE	TORT131
KLE	TORT131
KLE	TORT067
KLE	NOTO004
KLE	LYMA060
KLE	TORT122
KLE	LYMA060
KLE	TORT131
KLE	TORT131
KLE	TORT131
KLE	TORT131
KLE	TORT044
KLE	TORT044
KLE	TORT044
KLE	TORT067
KLE	TORT067
KLE	TORT067
KLE	TORT067
KLE	TORT067
KLE	TORT022
KLE	TORT022
KLE	GEOM006
KLE	GEOM006
KLE	GEOM006
KLE	GEOM006
KLE	HESP005
KLE	NOCT085
KLE	LYMA039
KLE	LYMA060
KLE	LYMA060
KLE	TORT120
KLE	TORT044
KLE	TORT044
KLE	TORT044
KLE	TORT071
KLE	TORT071
KLE	TORT131
KLE	TORT131
KLE	TORT131
KLE	LIMA024
KLE	TORT034
KLE	LYMA060
KLE	GEOM006
KLE	TORT131
KLE	TORT131
KLE	TORT131
KLE	TORT008
KLE	TORT008
KLE	LYMA060
KLE	LYMA060
KLE	LYMA060
KLE	LYMA060
KLE	LYMA060
KLE	LYMA060
KLE	LYMA060
KLE	LYMA060
KLE	NOTO004
KLE	GEOM016
KLE	GEOM016
KLE	TORT040
KLE	TORT022
KLE	TORT022
KLE	TORT008
KLE	TORT008
KLE	GEOM016
KLE	TORT040
KLE	GEOM015
KLE	TORT008
KLE	TORT040
KLE	TORT040
KLE	TORT040
KLE	TORT040
KLE	TORT022
KLE	TORT040
KLE	TORT067
KLE	TORT067
KLE	LYMA060
KLE	TORT008
KLE	TORT008
KLE	TORT008
KLE	TORT008
KLE	TORT044
KLE	TORT008
KLE	LYMA060
KLE	LYMA060
KLE	GEOM016
KLE	TORT131
KLE	TORT131
KLE	TORT044
KLE	TORT044
KLE	TORT131
KLE	XXXX073
KLE	TORT040
KLE	TORT040
KLE	LYMA039
KLE	TORT040
KLE	TORT040
KLE	TORT040
KLE	TORT040
KLE	TORT008
KLE	TORT022
KLE	TORT131
KLE	TORT131
KLE	GEOM016
KLE	GEOM006
KLE	GEOM130
KLE	TORT022
KLE	TORT040
KLE	TORT040
KLE	LYMA039
KLE	LYMA039
KLE	TORT008
KLE	TORT008
KLE	TORT008
KLE	TORT044
KLE	TORT044
KLE	TORT044
KLE	LYMA060
KLE	LYMA060
KLE	LYMA060
KLE	LYMA039
KLE	LYMA039
KLE	LYMA039
KLE	LYMA039
KLE	LYMA039
KLE	GEOM113
KLE	GEOM113
KLE	GEOM113
KLE	GEOM015
KLE	GEOM006
KLE	GEOM006
KLE	GEOM006
KLE	XXXX117
KLE	XXXX117
KLE	XXXX117
KLE	XXXX117
KLE	XXXX117
KLE	XXXX117
KLE	XXXX117
KLE	XXXX117
KLE	XXXX117
KLE	XXXX117
KLE	XXXX117
KLE	XXXX116
KLE	XXXX116
KLE	XXXX116
KLE	XXXX116
KLE	XXXX116
KLE	TORT040
KLE	TORT034
KLE	TORT034
KLE	TORT008
KLE	GEOM006
KLE	GEOM132
KLE	GEOM132
KLE	GEOM113
KLE	GEOM006
KLE	LYMA039
KLE	LYMA039
KLE	TORT067
KLE	TORT022
KLE	TORT022
KLE	TORT067
KLE	TORT067
KLE	TORT022
KLE	TORT022
KLE	TORT022
KLE	TORT022
KLE	TORT022
KLE	LYMA060
KLE	LYMA060
KLE	XXXX116
KLE	XXXX116
KLE	XXXX116
KLE	XXXX116
KLE	LYMA039
KLE	LYMA039
KLE	TORT061
KLE	TORT061
KLE	XXXX117
KLE	GEOM006
KLE	GEOM006
KLE	PYRA021
KLE	HYBL002
KLE	HYBL002
KLE	HYBL002
LEE	CRAM078
LEE	CRAM078
LEE	CRAM078
LEE	CRAM078
LEE	TORT120
LEE	CRAM078
LEU	NOCT046
LEU	NOCT046
LEU	NOCT048
LEU	CRAM011
LEU	NOCT046
LEU	NOCT046
LEU	NOCT046
LEU	CRAM011
LEU	NOCT046
LEU	NOCT046
LEU	CRAM011
LEU	NOCT046
LEU	NOCT046
LEU	NOCT046
LEU	CRAM011
LEU	NOCT046
LEU	NOCT046
LEU	NOCT046
LEU	NOCT046
LEU	NOCT046
LEU	NOCT046
LEU	NOCT046
LEU	NOCT046
LIT	TORT184
LIT	TORT183
LIT	TORT184
LIT	TORT184
LIT	TORT184
LIT	TORT184
MAA	XXXX021
MAA	XXXX021
MAA	XXXX021
MAA	XXXX021
MAA	XXXX021
MAA	XXXX021
MAA	XXXX021
MAA	XXXX021
MAA	XXXX021
MAA	XXXX021
MAA	XXXX021
MAA	XXXX021
MAA	XXXX021
MAA	XXXX021
MAA	XXXX021
MAA	XXXX021
MAA	XXXX021
MAA	XXXX021
MAA	XXXX021
MAA	XXXX021
MAA	XXXX021
MAA	XXXX021
MAA	XXXX021
MAA	XXXX021
MAA	XXXX021
MAA	XXXX021
MAA	XXXX021
MAA	XXXX021
MAA	XXXX021
MAA	XXXX021
MAA	XXXX021
MAA	XXXX021
MAA	XXXX021
MAA	XXXX021
MAA	XXXX068
MAA	XXXX068
MAA	XXXX068
MAA	XXXX068
MAA	XXXX068
MAA	XXXX021
MAA	XXXX021
MAA	XXXX021
MAA	XXXX021
MAA	XXXX021
MAA	XXXX021
MAA	XXXX048
MAA	XXXX048
MAA	XXXX048
MAA	XXXX068
MAA	XXXX068
MAA	XXXX068
MAA	XXXX068
MAA	GEOM157
MAA	LYMA007
MAA	LYMA007
MAA	LYCA006
MAA	LYCA006
MAA	XXXX068
MAA	XXXX068
MAA	XXXX068
MAA	XXXX068
MAA	XXXX068
MAA	XXXX068
MAA	XXXX068
MAA	XXXX068
MAA	XXXX068
MAA	XXXX021
MAA	XXXX021
MAA	XXXX021
MAA	XXXX021
MAA	XXXX021
MAA	XXXX021
MAA	XXXX021
MAA	XXXX021
MAA	XXXX021
MAA	XXXX021
MAA	XXXX021
MAA	XXXX021
MAA	XXXX021
MAA	XXXX021
MAA	XXXX021
MAA	XXXX021
MAA	XXXX021
MAA	XXXX021
MAA	XXXX021
MAA	XXXX021
MAA	XXXX048
MAA	XXXX048
MAA	TORT207
MAA	TORT207
MAA	XXXX147
MAA	THYR016
MAA	THYR016
MAA	THYR016
MAA	TORT083
MAA	TORT083
MAA	TORT083
MAA	TORT083
MAA	TORT083
MAA	TORT083
MAA	THYR012
MAA	XXXX021
MAA	XXXX021
MAA	XXXX021
MAA	XXXX021
MAA	XXXX021
MAA	XXXX021
MAA	XXXX021
MAA	LYMA007
MAA	LYMA007
MAA	LYMA007
MAA	TORT062
MAA	TORT062
MAA	TORT062
MAA	GEOM151
MAA	CHOR008
MAA	CHOR008
MAA	CHOR008
MAA	CHOR013
MAA	XXXX021
MAA	XXXX021
MAA	XXXX021
MAA	XXXX021
MAA	XXXX021
MAA	XXXX021
MAA	XXXX021
MAA	XXXX021
MAA	XXXX021
MAA	XXXX021
MAA	XXXX021
MAA	CHOR008
MAA	XXXX021
MAA	XXXX021
MAA	XXXX021
MAA	XXXX021
MAA	XXXX021
MAA	XXXX021
MAA	XXXX021
MAA	XXXX021
MAA	XXXX021
MAA	XXXX021
MAA	XXXX021
MAA	LYMA007
MAA	LYMA007
MAA	LYMA007
MAF	XXXX021
MAF	XXXX021
MAF	XXXX021
MAF	XXXX021
MAF	XXXX021
MAF	XXXX021
MAF	XXXX021
MAF	XXXX021
MAF	XXXX068
MAF	XXXX068
MAF	XXXX068
MAF	XXXX068
MAF	XXXX068
MAF	XXXX068
MAF	XXXX068
MAF	XXXX068
MAF	XXXX021
MAF	XXXX021
MAF	XXXX021
MAF	XXXX068
MAF	XXXX068
MAF	XXXX068
MAF	XXXX068
MAF	XXXX068
MAF	XXXX068
MAF	XXXX068
MAF	XXXX068
MAF	XXXX068
MAF	XXXX068
MAF	XXXX068
MAF	XXXX068
MAF	XXXX068
MAF	XXXX068
MAF	XXXX068
MAF	XXXX068
MAF	XXXX068
MAF	XXXX068
MAF	XXXX068
MAF	XXXX068
MAF	XXXX068
MAF	XXXX068
MAF	XXXX068
MAF	XXXX068
MAF	XXXX068
MAF	XXXX068
MAF	XXXX068
MAF	XXXX068
MAF	XXXX068
MAF	XXXX068
MAF	XXXX068
MAF	XXXX068
MAF	XXXX021
MAF	XXXX068
MAF	XXXX068
MAF	XXXX068
MAF	XXXX068
MAF	XXXX068
MAF	XXXX068
MAF	XXXX068
MAF	XXXX068
MAF	XXXX068
MAF	XXXX068
MAF	XXXX068
MAF	XXXX068
MAF	XXXX068
MAF	XXXX068
MAF	XXXX068
MAF	XXXX068
MAF	XXXX068
MAF	XXXX068
MAF	XXXX068
MAF	XXXX068
MAF	XXXX068
MAF	XXXX068
MAF	XXXX068
MAF	XXXX068
MAF	XXXX068
MAF	XXXX068
MAF	XXXX068
MAF	XXXX068
MAF	XXXX068
MAF	XXXX068
MAF	XXXX068
MAF	XXXX068
MAF	XXXX068
MAF	XXXX068
MAF	XXXX068
MAF	XXXX068
MAF	XXXX068
MAF	XXXX068
MAF	XXXX068
MAF	XXXX068
MAF	XXXX068
MAF	XXXX068
MAF	XXXX068
MAF	XXXX021
MAF	XXXX021
MAF	XXXX048
MAF	XXXX048
MAF	XXXX068
MAF	XXXX068
MAF	XXXX068
MAF	XXXX068
MAF	XXXX068
MAF	XXXX068
MAF	XXXX068
MAF	XXXX068
MAF	XXXX068
MAF	XXXX068
MAF	XXXX068
MAF	XXXX068
MAF	XXXX068
MAF	XXXX068
MAF	XXXX068
MAF	XXXX068
MAF	XXXX068
MAF	XXXX068
MAF	XXXX068
MAF	XXXX068
MAF	XXXX068
MAF	XXXX068
MAF	XXXX068
MAF	XXXX068
MAF	XXXX068
MAF	XXXX068
MAF	XXXX068
MAF	XXXX068
MAF	XXXX068
MAF	XXXX068
MAF	XXXX068
MAF	XXXX068
MAF	XXXX068
MAF	XXXX068
MAF	XXXX068
MAF	XXXX068
MAF	XXXX068
MAF	XXXX068
MAF	GEOM151
MAF	PYRA002
MAF	XXXX068
MAF	XXXX068
MAF	XXXX068
MAF	XXXX068
MAF	XXXX068
MAF	XXXX068
MAF	XXXX068
MAF	XXXX068
MAF	XXXX068
MAF	XXXX068
MAF	XXXX068
MAF	XXXX068
MAF	XXXX068
MAF	XXXX068
MAF	XXXX068
MAF	XXXX068
MAF	XXXX068
MAF	XXXX068
MAF	XXXX068
MAF	XXXX068
MAF	XXXX068
MAF	XXXX068
MAF	XXXX068
MAF	XXXX068
MAF	XXXX068
MAF	XXXX068
MAF	XXXX068
MAF	XXXX068
MAF	XXXX068
MAF	XXXX068
MAF	XXXX068
MAF	XXXX068
MAF	XXXX068
MAF	XXXX068
MAF	XXXX068
MAF	XXXX068
MAF	XXXX068
MAF	XXXX068
MAF	XXXX068
MAF	XXXX068
MAF	XXXX068
MAF	XXXX068
MAF	XXXX048
MAF	XXXX021
MAF	PYRA002
MAF	PYRA002
MAF	PYRA002
MAF	PYRA002
MAF	NOCT020
MAF	TORT062
MAF	TORT062
MAF	TORT062
MAF	TORT062
MAF	TORT062
MAF	THYR001
MAF	TORT083
MAF	THYR003
MAF	XXXX021
MAF	XXXX021
MAF	XXXX021
MAF	XXXX021
MAF	TORT062
MAF	TORT062
MAF	TORT062
MAF	GEOM151
MAF	GEOM151
MAF	GEOM151
MAF	GEOM151
MAF	GEOM151
MAF	GEOM151
MAF	GEOM151
MAF	GEOM151
MAF	GEOM151
MAF	GEOM151
MAF	CHOR008
MAF	XXXX021
MAF	XXXX021
MAF	XXXX021
MAF	GEOM151
MAF	GEOM151
MAF	GEOM151
MAF	GEOM151
MAF	GEOM151
MAF	GEOM151
MAP	CHOR008
MAP	CHOR008
MAP	CHOR008
MAP	CHOR008
MAP	CHOR008
MAP	GEOM151
MAP	CHOR008
MAQ	GEOM151
MAQ	XXXX048
MAQ	THYR003
MAQ	THYR003
MAQ	THYR003
MAU	XXXX048
MAU	XXXX048
MAU	XXXX048
MAU	XXXX048
MAU	LYMA039
MAU	TORT075
MAU	TORT075
MAU	TORT085
MAU	XXXX048
MAU	CHOR008
MAU	XXXX021
MAU	LYMA007
MAU	CHOR008
MAU	CHOR008
MAU	CHOR008
MAU	CHOR008
MAU	CHOR008
MOL	CRAM010
MOL	LYCA001
MOL	CHOR002
MYL	LYMA001
PAD	CRAM066
PAD	TORT044
PAD	TORT044
PAD	TORT044
PAD	TORT044
PAD	TORT040
PAD	TORT040
PAD	TORT040
PAD	TORT040
PAD	TORT040
PAD	TORT034
PAD	TORT034
PAD	TORT034
PAD	TORT034
PAD	TORT034
PAD	TORT034
PAD	TORT034
PAD	TORT066
PAD	TORT044
PAD	TORT044
PAD	TORT066
PAD	TORT066
PAD	TORT066
PAD	TORT066
PAD	TORT066
PAD	TORT066
PAD	TORT066
PAD	TORT066
PAD	TORT066
PAD	TORT066
PAD	TORT066
PAD	TORT066
PAD	TORT066
PAD	TORT066
PAD	TORT066
PAD	TORT044
PAD	TORT044
PAD	TORT044
PAD	TORT066
PAD	TORT066
PAD	TORT066
PAD	TORT066
PAD	TORT037
PAD	TORT066
PAD	TORT066
PAD	TORT066
PAD	TORT066
PAD	TORT066
PAD	TORT066
PAD	TORT040
PAD	TORT040
PAD	TORT040
PAD	TORT022
PAD	TORT022
PAD	TORT022
PAD	TORT131
PAD	TORT044
PAD	TORT044
PAD	TORT044
PAD	TORT044
PAD	TORT044
PAD	TORT044
PAD	TORT044
PAD	TORT044
PAD	TORT044
PAD	CRAM066
PAD	CRAM066
PAD	CRAM066
PAD	CRAM066
PAD	CRAM066
PAD	TORT142
PAD	TORT142
PAD	TORT142
PAD	TORT044
PAD	TORT044
PAD	TORT044
PAD	TORT044
PAD	TORT044
PAD	TORT131
PAD	TORT131
PAD	TORT034
PAD	TORT034
PAD	TORT034
PAD	TORT034
PAD	TORT034
PAD	TORT034
PAD	TORT034
PAD	TORT034
PAD	TORT034
PAD	TORT044
PAD	GEOM082
PAD	GEOM082
PAD	GEOM082
PAD	CRAM066
PAD	CRAM066
PAD	CRAM066
PAD	CRAM066
PAD	TORT022
PAD	TORT044
PAD	TORT044
PAD	TORT044
PAD	TORT044
PAD	TORT066
PAD	TORT066
PAD	TORT066
PAD	TORT066
PAD	TORT066
PAD	TORT066
PAD	TORT066
PAD	TORT037
PAD	TORT037
PAD	TORT037
PAD	TORT037
PAD	TORT037
PAD	TORT037
PAD	TORT037
PAD	TORT037
PAD	TORT037
PAD	TORT037
PAD	TORT037
PAD	TORT037
PAD	TORT037
PAD	TORT037
PAD	TORT037
PAD	TORT037
PAD	TORT037
PAD	TORT037
PAD	TORT037
PAD	TORT037
PAD	TORT037
PAD	TORT037
PAD	TORT037
PAD	TORT037
PAD	TORT037
PAD	TORT037
PAD	TORT037
PAD	TORT037
PAD	TORT037
PAD	CRAM066
PAD	CRAM066
PAD	CRAM066
PAD	CRAM066
PAD	CRAM066
PAD	CRAM066
PAD	GEOM107
PAD	TORT131
PAD	TORT037
PAD	TORT022
PAD	TORT022
PAD	TORT022
PAD	TORT022
PAD	TORT066
PAD	TORT066
PAD	TORT044
PAD	TORT037
PAD	TORT044
PAD	TORT044
PAD	TORT044
PAD	TORT131
PAD	TORT131
PAD	TORT037
PAD	TORT037
PAD	TORT022
PAD	TORT067
PAD	TORT067
PAD	TORT066
PAD	TORT066
PAD	TORT066
PAD	TORT066
PAD	TORT037
PAD	CRAM066
PAD	CRAM066
PAD	CRAM066
PAD	CRAM066
PAD	CRAM066
PAD	CRAM066
PAD	GEOM051
PAD	GEOM051
PAD	GEOM051
PAD	GEOM021
PAD	CRAM066
PAD	CRAM066
PAD	CRAM066
PAD	CRAM066
PAD	CRAM066
PAD	CRAM066
PAD	CRAM066
PAD	CRAM066
PAD	TORT034
PAD	TORT034
PAD	TORT131
PAD	TORT131
PAD	TORT131
PAD	TORT131
PAD	TORT044
PAD	TORT022
PAD	TORT022
PAD	TORT131
PAD	TORT131
PAD	TORT037
PAD	TORT037
PAD	TORT037
PAD	TORT022
PAD	TORT022
PAD	TORT022
PAD	TORT066
PAD	TORT066
PAD	TORT066
PAD	TORT066
PAD	TORT066
PAD	CRAM066
PAD	CRAM066
PAD	CRAM066
PAD	CRAM066
PAD	CRAM066
PAD	CRAM066
PAD	CRAM066
PAD	CRAM066
PAD	CRAM066
PAD	CRAM066
PAD	CRAM066
PAD	CRAM066
PAD	CRAM066
PAD	CRAM066
PAD	CRAM066
PAD	CRAM066
PAD	CRAM066
PAD	CRAM066
PAD	CRAM066
PAD	CRAM066
PAD	CRAM066
PAD	CRAM066
PAD	CRAM066
PAD	CRAM066
PAD	CRAM066
PAD	CRAM066
PAD	CRAM066
PAD	CRAM066
PAD	CRAM066
PAD	CRAM066
PAD	CRAM066
PAD	CRAM066
PAD	CRAM066
PAD	CRAM066
PAD	CRAM066
PAD	CRAM066
PAD	CRAM066
PAD	CRAM066
PAD	CRAM066
PAD	CRAM066
PAD	CRAM066
PAD	CRAM066
PAD	CRAM066
PAD	CRAM066
PAD	CRAM066
PAD	TORT037
PAD	TORT037
PAD	TORT037
PAD	TORT037
PAD	TORT037
PAD	TORT037
PAD	TORT044
PAD	TORT044
PAD	TORT044
PAD	TORT044
PAD	TORT066
PAD	TORT022
PAD	TORT022
PAD	TORT022
PAD	LYMA007
PAD	LYMA007
PAD	CRAM066
PAD	CRAM066
PAD	GEOM111
PAD	CRAM066
PAD	CRAM066
PAD	CRAM066
PAD	CRAM066
PAD	CRAM066
PAD	TORT022
PAD	TORT022
PAD	TORT131
PAD	TORT131
PAD	TORT066
PAD	TORT066
PAD	TORT066
PAD	TORT066
PAD	TORT066
PAD	CRAM066
PAD	CRAM066
PAD	CRAM066
PAD	CRAM066
PAD	CRAM066
PAD	CRAM066
PAD	CRAM066
PAD	CRAM066
PAD	CRAM066
PAD	TORT022
PAD	TORT022
PAD	TORT022
PAD	TORT022
PAD	CRAM066
PAD	CRAM066
PAD	CRAM066
PAD	CRAM066
PAD	CRAM066
PAD	CRAM066
PAD	CRAM066
PAD	CRAM066
PAD	CRAM066
PAD	CRAM066
PAD	CRAM066
PAD	CRAM066
PAD	CRAM066
PAD	CRAM066
PAD	CRAM066
PAD	CRAM066
PAD	CRAM066
PAD	CRAM066
PAD	CRAM066
PAD	CRAM066
PAD	CRAM066
PAD	CRAM066
PAD	CRAM066
PAD	CRAM066
PAD	CRAM066
PAD	CRAM066
PAD	CRAM066
PAD	CRAM066
PAD	CRAM066
PAD	TORT044
PAD	TORT044
PAD	TORT044
PAD	CRAM066
PAD	CRAM066
PAD	CRAM066
PAD	TORT066
PAD	TORT066
PAD	TORT034
PAD	TORT034
PAD	NOCT067
PAD	TORT034
PAD	TORT034
PAD	TORT034
PAD	CRAM066
PAD	CRAM066
PAD	CRAM066
PAD	CRAM066
PAD	CRAM066
PAD	CRAM066
PAD	CRAM066
PAD	CRAM066
PAD	CRAM066
PAD	CRAM066
PAD	CRAM066
PAD	TORT044
PAD	TORT044
PAD	TORT044
PAD	TORT131
PAD	TORT131
PAD	TORT044
PAD	TORT044
PAD	CRAM066
PAD	CRAM066
PAD	CRAM066
PAD	CRAM066
PAD	CRAM066
PAD	CRAM066
PAD	CRAM066
PAD	CRAM066
PAD	CRAM066
PAD	CRAM066
PAD	CRAM066
PAD	CRAM066
PAD	CRAM066
PAD	CRAM066
PAD	CRAM066
PAD	CRAM066
PAD	CRAM066
PAD	CRAM066
PAD	CRAM066
PAD	CRAM066
PAD	CRAM066
PAD	TORT022
PAD	TORT022
PAD	TORT066
PAD	TORT040
PAD	XXXX090
PAD	TORT066
PAD	CRAM066
PAD	CRAM066
PAD	CRAM066
PAD	CRAM066
PAD	CRAM066
PAD	CRAM066
PAD	CRAM066
PAD	CRAM066
PAD	CRAM066
PAD	CRAM066
PAD	CRAM066
PAD	CRAM066
PAD	CRAM066
PAD	CRAM066
PAD	CRAM066
PAD	CRAM066
PAD	CRAM066
PAD	CRAM066
PAD	CRAM066
PAD	CRAM066
PAD	CRAM066
PAD	CRAM066
PAD	CRAM066
PAD	CRAM066
PAD	CRAM066
PAD	CRAM066
PAD	CRAM066
PAD	CRAM066
PAD	CRAM066
PAD	CRAM066
PAD	CRAM066
PAD	CRAM066
PAD	CRAM066
PAD	CRAM066
PAD	CRAM066
PAD	CRAM066
PAD	CRAM066
PAD	CRAM066
PAD	CRAM066
PAD	CRAM066
PAD	CRAM066
PAD	CRAM066
PAD	CRAM066
PAD	CRAM066
PAD	CRAM066
PAD	CRAM066
PAD	CRAM066
PAD	TORT040
PAD	TORT040
PAD	TORT040
PAD	CRAM066
PAD	CRAM066
PAD	CRAM066
PAD	CRAM066
PAD	CRAM066
PAD	CRAM066
PAD	CRAM066
PAD	CRAM066
PAD	CRAM066
PAD	CRAM066
PAD	CRAM066
PAD	CRAM066
PAD	CRAM066
PAD	CRAM066
PAD	CRAM066
PAD	CRAM066
PAD	CRAM066
PAD	CRAM066
PAD	CRAM066
PAD	CRAM066
PAD	CRAM066
PAD	CRAM066
PAD	CRAM066
PAD	CRAM066
PAD	CRAM066
PAD	CRAM066
PAD	CRAM066
PAD	CRAM066
PAD	CRAM066
PAD	CRAM066
PAD	CRAM066
PAD	CRAM066
PAD	CRAM066
PAD	CRAM066
PAD	CRAM066
PAD	CRAM066
PAD	CRAM066
PAD	CRAM066
PAD	CRAM066
PAD	CRAM066
PAD	CRAM066
PAD	CRAM066
PAD	CRAM066
PAD	CRAM066
PAD	CRAM066
PAD	CRAM066
PAD	CRAM066
PAD	CRAM066
PAD	TORT044
PAD	TORT044
PAD	TORT044
PAD	TORT044
PAD	TORT037
PAD	TORT037
PAD	TORT037
PAD	TORT037
PAD	TORT037
PAD	TORT008
PAD	TORT008
PAD	TORT066
PAD	TORT066
PAD	TORT066
PAD	TORT008
PAD	TORT022
PAD	TORT066
PAD	TORT066
PAD	TORT066
PAD	TORT066
PAD	TORT022
PAD	TORT022
PAD	TORT022
PAD	TORT022
PAD	TORT008
PAD	TORT008
PAD	TORT008
PAD	TORT044
PAD	TORT067
PAD	TORT008
PAD	TORT008
PAD	TORT022
PAD	TORT008
PAD	TORT008
PAD	CRAM066
PAD	CRAM066
PAD	TORT022
PAD	TORT022
PAD	TORT008
PAD	TORT022
PAD	TORT022
PAD	TORT022
PAD	TORT022
PAD	TORT022
PAD	TORT022
PAD	TORT022
PAD	TORT044
PAD	TORT044
PAD	TORT008
PAD	TORT008
PAD	TORT008
PAD	TORT044
PAD	TORT044
PAD	TORT022
PAD	TORT022
PAD	TORT022
PAD	TORT044
PAD	TORT044
PAD	TORT008
PAD	TORT034
PAD	TORT022
PAD	TORT022
PAD	TORT008
PAD	TORT008
PAD	TORT008
PAD	TORT066
PAD	TORT066
PAD	TORT066
PAD	TORT066
PAD	TORT131
PAD	TORT131
PAD	TORT131
PAD	TORT131
PAD	TORT044
PAD	TORT044
PAD	TORT044
PAD	TORT044
PAD	TORT022
PAD	TORT022
PAD	TORT022
PAD	TORT044
PAD	TORT044
PAD	TORT044
PAD	TORT044
PAD	TORT037
PAD	TORT037
PAD	TORT037
PAD	TORT037
PAD	TORT037
PAD	CRAM066
PAD	CRAM066
PAD	CRAM066
PAD	CRAM066
PAD	CRAM066
PAD	CRAM066
PAD	CRAM066
PAD	CRAM066
PAD	CRAM066
PAD	CRAM066
PAD	CRAM066
PAD	CRAM066
PAD	CRAM066
PAD	CRAM066
PAD	CRAM066
PAD	TORT066
PAD	TORT044
PAD	TORT044
PAD	TORT008
PAD	TORT008
PAD	TORT008
PAD	TORT008
PAD	TORT008
PAD	TORT022
PAD	TORT022
PAD	TORT022
PAD	CRAM066
PAD	CRAM066
PAD	GEOM082
PAD	GEOM082
PAD	GEOM082
PAD	TORT008
PAD	TORT086
PAD	TORT008
PAD	TORT066
PAD	TORT066
PAD	TORT066
PAD	TORT040
PAD	TORT040
PAD	TORT066
PAD	TORT066
PAD	TORT066
PAD	TORT066
PAD	TORT034
PAD	TORT034
PAD	TORT044
PAD	CRAM066
PAD	CRAM066
PAD	CRAM066
PAD	TORT044
PAD	TORT008
PAD	TORT008
PAD	TORT008
PAD	TORT008
PAD	CRAM066
PAD	NOCT069
PAD	NOCT069
PAD	NOCT069
PAD	TORT040
PAD	TORT040
PAD	TORT040
PAD	TORT040
PAD	TORT040
PAD	TORT040
PAD	TORT040
PAD	TORT040
PAD	TORT040
PAD	TORT040
PAD	TORT040
PAD	CRAM066
PAD	CRAM066
PAD	CRAM066
PAD	CRAM066
PAD	TORT044
PAD	TORT044
PAD	TORT044
PAD	TORT044
PAD	TORT044
PAD	CRAM066
PAD	CRAM066
PAD	CRAM066
PAD	CRAM066
PAD	CRAM066
PAD	CRAM066
PAD	NOCT069
PAD	TORT044
PAD	TORT044
PAD	TORT044
PAD	TORT044
PAD	TORT066
PAD	TORT044
PAD	TORT044
PAD	TORT044
PAD	TORT131
PAD	TORT131
PAD	TORT022
PAD	TORT066
PAD	TORT066
PAD	TORT066
PAD	TORT066
PAD	TORT066
PAD	TORT066
PAD	TORT022
PAD	TORT022
PAD	TORT022
PAD	TORT008
PAD	TORT044
PAD	TORT044
PAD	TORT044
PAD	TORT022
PAD	TORT034
PAD	TORT034
PAD	TORT040
PAD	TORT040
PAD	TORT040
PAD	TORT044
PAD	TORT044
PAD	TORT044
PAD	TORT044
PAD	TORT044
PAD	CRAM066
PAD	CRAM066
PAD	TORT008
PAD	TORT008
PAD	TORT008
PAD	TORT044
PAD	TORT044
PAD	TORT044
PAD	TORT044
PAD	TORT044
PAD	TORT044
PAD	TORT022
PAD	TORT022
PAD	TORT044
PAD	TORT044
PAD	TORT044
PAD	TORT044
PAD	TORT040
PAD	TORT040
PAD	TORT022
PAD	TORT022
PAD	TORT022
PAD	TORT022
PAD	TORT022
PAD	TORT022
PAD	TORT022
PAD	TORT022
PAD	TORT022
PAD	TORT022
PAD	TORT040
PAD	TORT040
PAD	TORT040
PAD	TORT022
PAD	TORT022
PAD	TORT022
PAD	TORT022
PAD	TORT022
PAD	TORT022
PAD	TORT022
PAD	CRAM066
PAD	CRAM066
PAD	CRAM066
PAD	CRAM066
PAD	CRAM066
PAD	TORT040
PAD	TORT040
PAD	TORT040
PAD	TORT040
PAD	CRAM066
PAD	CRAM066
PAD	CRAM066
PAD	CRAM066
PAD	TORT066
PAD	TORT131
PAD	TORT131
PAD	TORT131
PAD	TORT044
PAD	TORT044
PAD	CRAM066
PAD	CRAM066
PAD	CRAM066
PAD	CRAM066
PAD	TORT022
PAD	TORT022
PAD	TORT022
PAD	TORT022
PAD	TORT044
PAD	TORT044
PAD	TORT044
PAD	TORT044
PAD	TORT044
PAD	TORT040
PAD	TORT040
PAD	TORT040
PAD	CRAM066
PAD	TORT044
PAD	TORT044
PAD	TORT044
PAD	TORT044
PAD	TORT142
PAD	TORT142
PAD	CRAM066
PAD	CRAM066
PAD	CRAM066
PAD	CRAM066
PAD	CRAM066
PAD	TORT022
PAD	TORT022
PAD	TORT022
PAD	TORT022
PAD	TORT022
PAD	TORT022
PAD	TORT022
PAD	TORT022
PAD	TORT022
PAD	TORT022
PAD	TORT022
PAD	CRAM066
PAD	TORT066
PAD	TORT066
PAD	TORT066
PAD	TORT066
PAD	TORT037
PAD	TORT037
PAD	TORT066
PAD	TORT066
PAD	TORT066
PAD	TORT022
PAD	TORT022
PAD	TORT022
PAD	TORT022
PAD	TORT040
PAD	TORT040
PAD	TORT061
PAR	TORT005
PAR	TORT005
PAR	NOCT009
PAR	NOCT010
PAR	NOCT010
PAR	NOCT010
PAR	NOCT010
PAR	NOCT010
PAR	NOCT010
PAR	NOCT010
PAR	CHOR011
PAR	CHOR011
PAR	NOCT009
PAR	NOCT009
PAR	NOCT009
PAR	NOCT010
PAR	NOCT010
PAR	NOCT010
PAR	NOCT010
PAR	NOCT010
PAR	NOCT010
PAR	TORT012
PAR	TORT005
PAR	CHOR002
PAR	CHOR002
PAR	CHOR002
PAR	CHOR011
PAR	CHOR002
PAR	CHOR002
PAR	CHOR002
PAR	CHOR002
PAR	CHOR002
PAR	CHOR002
PAR	CHOR002
PAR	CHOR011
PAR	CHOR011
PAR	TORT005
PAR	CHOR002
PAR	CHOR002
PAR	CHOR002
PAR	CHOR002
PAR	CHOR002
PAR	NOCT004
PAR	CHOR002
PAR	CHOR002
PAR	TORT005
PAR	TORT005
PHA	CHOR001
PHA	TORT005
PHA	TORT131
PHA	TORT005
PHA	CHOR002
PRE	GEOM063
PRE	GEOM063
PRE	CHOR005
PRE	GEOM015
PRE	PTER002
PRE	URAN009
PRE	URAN009
PRE	URAN009
PRE	URAN009
PRE	URAN009
PRE	URAN009
PRE	URAN009
PRE	URAN009
PRE	URAN011
PRE	GEOM063
PRE	GEOM063
PRE	CRAM023
PRE	CRAM023
PRE	CRAM023
PRE	CRAM023
PRE	CRAM023
PRE	CRAM023
PRE	CRAM023
PRE	CRAM023
PRE	CRAM023
PRE	CRAM023
PRE	CRAM023
PRE	CRAM023
PRE	CRAM023
PRE	URAN011
PRE	URAN011
PRE	URAN011
PRE	URAN011
PRE	URAN011
PRE	URAN011
PRE	URAN011
PRE	URAN009
PRE	URAN009
PRE	URAN009
PRE	URAN009
PRE	URAN009
PRE	URAN009
PRE	URAN009
PRE	URAN009
PRE	URAN009
PRE	URAN009
PRE	URAN009
PRE	URAN009
PRE	URAN009
PRE	URAN009
PRE	URAN009
PRE	URAN009
PRE	URAN009
PRE	URAN009
PRE	GEOM063
PRE	GEOM063
PRE	URAN009
PRE	URAN009
PRE	CRAM023
PRE	CRAM023
PRE	CRAM023
PRE	CRAM023
PRE	CHOR005
PRE	PTER002
PRE	PTER002
PRE	URAN011
PRE	URAN011
PRE	CRAM023
PRE	CRAM023
PRE	CRAM023
PRE	CRAM023
PRE	CRAM023
PRE	CRAM023
PRE	CRAM023
PRE	CRAM023
PRE	GEOM063
PRE	GEOM063
PRE	GEOM063
PRE	GEOM063
PRE	URAN011
PRE	URAN009
PRE	CRAM023
PRE	CRAM023
PRE	CRAM023
PRE	URAN011
PRE	URAN011
PRE	GEOM063
PRE	GEOM063
PRE	NOCT049
PRE	URAN011
PRE	URAN009
PRE	GEOM063
PRE	GEOM063
PRE	URAN009
PRE	CRAM023
PRE	URAN009
PRE	URAN009
PRE	URAN009
PRE	URAN009
PRE	URAN009
PRE	URAN009
PRE	URAN009
PRE	URAN009
PRE	URAN009
PRE	URAN009
PRE	URAN009
PRE	TORT034
PRE	TORT034
PRE	TORT034
PRE	URAN009
PRE	URAN011
PRE	URAN009
PRE	URAN009
PRE	GEOM063
PRE	GEOM063
PRE	GEOM063
PRE	GEOM063
PRE	URAN011
PRE	URAN011
PRE	URAN011
PRE	HYBL002
PRE	GEOM063
PRE	GEOM063
PRE	GEOM063
PRE	GEOM063
PRE	GEOM063
PRE	PTER002
PRE	PTER002
PRE	PTER002
PRE	CHOR005
PRE	CHOR005
PRE	URAN009
PRE	URAN009
PRE	URAN011
PRE	URAN009
PRE	CHOR005
PRE	GEOM063
PRE	CRAM023
PRE	CRAM023
PRE	CRAM023
PRE	CRAM023
PRE	CRAM023
PRE	GEOM063
PRE	CRAM023
PRE	CRAM023
PRE	CRAM023
PRE	CRAM023
PRE	CRAM023
PRE	CRAM023
PRE	URAN011
PRE	URAN009
PRE	CRAM023
PRE	URAN009
PRE	GEOM063
PRE	URAN009
PRE	URAN009
PRE	URAN011
PRE	URAN011
PRE	URAN011
PRE	URAN009
PRE	URAN009
PRE	CHOR005
PRE	CHOR005
PRE	CRAM059
PRE	URAN009
PRE	URAN011
PRE	URAN011
PRE	URAN011
PRE	URAN011
PRE	URAN011
PRE	URAN011
PRE	GEOM063
PRE	GEOM063
PRE	GEOM063
PRE	GEOM063
PRE	GEOM063
PRE	CRAM023
PRE	GEOM063
PRE	URAN009
PRE	PTER002
PRE	CHOR005
PRE	CRAM010
PRE	CRAM023
PRE	CRAM056
PRE	CRAM023
PRE	HYBL002
PRE	CRAM056
PRE	PYRA013
PRE	URAN009
PRE	GEOM063
PRE	GEOM063
PRE	GEOM063
PRE	GEOM063
PRE	GEOM063
PRE	GEOM069
PRE	PYRA013
PRE	URAN009
PRE	URAN009
PRE	PYRA013
PRE	PYRA013
PRE	URAN009
PRE	PTER002
PRE	PYRA013
PRE	PYRA013
PRE	URAN009
PRE	URAN009
PRE	URAN009
PRE	URAN009
PRE	URAN009
PRE	PYRA013
PRE	PYRA013
PRE	CHOR005
PRE	CHOR005
PRE	CRAM056
PRE	GEOM063
PRE	GEOM063
PRE	GEOM063
PRE	GEOM063
PRE	GEOM063
PRE	GEOM063
PRE	GEOM063
PRE	GEOM063
PRE	GEOM063
PRE	GEOM063
PRE	GEOM063
PRE	GEOM063
PRE	URAN011
PRE	URAN011
PRE	CRAM023
PRE	CRAM023
PRE	CRAM023
PRE	CRAM023
PRE	URAN011
PRE	URAN011
PRE	URAN009
PRE	URAN009
PRE	GEOM063
PRE	GEOM063
PRE	CRAM023
PRE	CRAM023
PRE	CRAM010
PRE	URAN009
PRE	GEOM063
PRE	GEOM063
PRE	GEOM063
PRE	URAN009
PRE	GEOM063
PRE	GEOM063
PRE	GEOM063
PRE	GEOM063
PRE	GEOM063
PRE	GEOM063
PRE	CHOR005
PRE	CHOR005
PRE	CHOR005
PRE	CHOR005
PRE	URAN009
PRE	CRAM023
PRE	CRAM023
PRE	URAN009
PRE	URAN009
PRE	URAN009
PRE	URAN009
PRE	URAN009
PRE	GEOM063
PRE	GEOM063
PRE	GEOM063
PRE	GEOM063
PRE	GEOM063
PRE	GEOM063
PRE	GEOM063
PRE	GEOM063
PRE	CRAM023
PRE	CRAM023
PRE	CRAM023
PRE	CRAM023
PRE	CRAM023
PRE	PYRA013
PRE	GEOM063
PRE	GEOM063
PRE	GEOM063
PRE	GEOM063
PRE	GEOM063
PRE	GEOM063
PRE	URAN011
PRE	URAN011
PRE	URAN011
PRE	URAN011
PRE	URAN011
PRE	URAN011
PRE	URAN011
PRE	URAN011
PRE	URAN011
PRE	URAN011
PRE	URAN011
PRE	URAN011
PRE	URAN009
PRE	URAN009
PRE	URAN009
PRE	URAN009
PRE	URAN009
PRE	URAN009
PRE	URAN009
PRE	URAN009
PRE	URAN009
PRE	URAN011
PRE	GEOM063
PRE	GEOM063
PRE	URAN009
PRE	URAN009
PRE	GEOM063
PRE	CRAM023
PRE	CRAM023
PRE	CRAM023
PRE	CRAM023
PRE	URAN009
PRE	URAN009
PRE	URAN011
PRE	URAN009
PRE	URAN011
PRE	URAN011
PRE	URAN011
PRE	URAN011
PRE	URAN011
PRE	CHOR005
PRE	URAN009
PRE	CHOR005
PRE	CHOR005
PRE	CHOR005
PRE	CHOR005
PTE	TORT040
PTE	NOCT017
PTE	NOCT017
PTE	NOCT017
PTE	NOCT017
PTE	NOCT017
PTE	NOCT017
PTE	NOCT017
PTE	XXXX095
PTE	XXXX095
PTE	NOCT017
PTE	NOCT017
PTE	XXXX095
PTE	LYMA001
PTE	NOCT017
PTE	NOCT017
PTE	NOCT017
PTE	NOCT017
PTE	TORT131
PTE	TORT008
PTE	TORT066
PTE	TORT008
PTE	XXXX095
PTE	XXXX095
PTE	TORT131
PTE	XXXX095
PTE	XXXX095
PTE	NOCT017
PTE	LYMA035
PTE	TORT131
PTE	TORT044
PTE	TORT067
PTE	TORT131
PTE	XXXX095
PTE	XXXX095
PTE	TORT067
PTE	XXXX095
PTE	XXXX095
PTE	XXXX095
PTE	XXXX095
PTE	XXXX095
PTE	XXXX095
PTE	NOCT017
PTE	NOCT017
PTE	NOCT017
PTE	NOCT017
PTE	GEOM015
PTE	GEOM015
PTE	XXXX095
PTE	XXXX095
PTE	XXXX095
PTE	XXXX095
PTE	XXXX095
PTE	XXXX095
PTE	TORT131
PTE	TORT131
PTE	TORT131
PTE	TORT131
PTE	TORT095
PTE	XXXX095
PTE	NOCT017
PTE	NOCT017
PTE	TORT131
PTE	TORT131
PTE	TORT131
PTE	TORT131
PTE	TORT131
PTE	XXXX095
PTE	XXXX095
PTE	TORT044
PTE	TORT044
PTE	TORT081
PTE	TORT044
PTE	TORT008
PTE	XXXX095
PTE	TORT131
PTE	XXXX095
PTE	GEOM079
PTE	TORT067
PTE	NOCT017
PTE	NOCT048
PTE	NOCT017
PTE	XXXX095
PTE	NOCT017
PTE	NOCT017
PTE	NOCT017
PTE	TORT022
PTE	TORT022
PTE	TORT086
PTE	TORT086
PTE	CRAM056
PTE	NOCT017
PTE	TORT120
PTE	XXXX095
PTE	XXXX095
PTE	XXXX095
PTE	XXXX095
PTE	XXXX095
PTE	XXXX095
PTE	XXXX095
PTE	XXXX095
PTE	XXXX095
PTE	XXXX095
PTE	TORT066
PTE	NOCT017
PTE	NOCT017
PTE	NOCT017
PTE	XXXX095
PTE	NOCT017
PTE	TORT022
PTE	TORT022
PTE	TORT131
PTE	TORT131
PTE	NOCT017
PTE	TORT040
PTE	XXXX095
PTE	XXXX095
PTE	XXXX095
PTE	XXXX095
PTE	XXXX095
PTE	XXXX095
PTE	XXXX095
PTE	XXXX095
PTE	XXXX095
PTE	XXXX095
PTE	XXXX095
PTE	XXXX095
PTE	XXXX095
PTE	XXXX095
PTE	NOCT017
PTE	NOCT017
PTE	NOCT017
PTE	NOCT017
PTE	NOCT017
PTE	NOCT017
PTE	GEOM023
PTE	NOCT017
PTE	TORT066
PTE	XXXX095
PTE	XXXX095
PTE	XXXX095
PTE	XXXX095
PTE	XXXX095
PTE	XXXX090
PTE	GEOM023
PTE	TORT022
PTE	TORT022
PTE	TORT022
PTE	XXXX095
PTE	XXXX095
PTE	XXXX095
PTE	XXXX095
PTE	XXXX095
PTE	XXXX095
PTE	XXXX095
PTE	XXXX095
PTE	XXXX095
PTE	XXXX095
PTE	XXXX095
PTE	XXXX095
PUN	CHOR014
PUN	CHOR014
PUN	CHOR014
PUN	CHOR014
PUN	CHOR014
PUN	CHOR014
PUN	CHOR014
PUN	CHOR014
PUN	CHOR014
PUN	CHOR014
PUN	CHOR014
PUN	CHOR014
PUN	CHOR014
PUN	CHOR014
PUN	CHOR014
PUN	CHOR014
PUN	CHOR014
PUN	CHOR014
PUN	CHOR014
PUN	CHOR014
PUN	CHOR014
PUN	CHOR014
PUN	CHOR014
PUN	CHOR014
PUN	CHOR014
PUN	CHOR014
PUN	CHOR014
PUN	CHOR014
PUN	CHOR014
PUN	CHOR014
PUN	CHOR014
PUN	CHOR014
PUN	TORT012
PUN	CHOR014
PUN	CHOR014
PUN	CHOR014
PUN	CHOR014
PUN	CHOR002
PUN	CHOR002
PUN	CHOR002
PUN	CHOR002
PUN	CHOR002
PUN	CHOR002
PUN	CHOR002
PUN	CHOR002
PUN	CHOR002
PUN	CHOR002
PUN	CHOR002
PUN	TORT040
PUN	TORT040
PUN	TORT040
PUN	TORT040
PUN	TORT040
PUN	CHOR002
PUN	CHOR002
PUN	CHOR002
PUN	CHOR002
PUN	CHOR002
PUN	CHOR002
PUN	CHOR002
PUN	CHOR002
PUN	CHOR002
PUN	CHOR002
PUN	CHOR002
PUN	CHOR002
PUN	CHOR002
PUN	CHOR002
PUN	CHOR002
PUN	CHOR002
PUN	CHOR002
PUN	CHOR002
PUN	CHOR002
PUN	CHOR002
PUN	CHOR002
PUN	CHOR002
PUN	CHOR002
PUN	CHOR002
PUN	CHOR002
PUN	CHOR002
PUN	CHOR002
PUN	CHOR002
PUN	CHOR002
PUN	CHOR002
PUN	CHOR002
PUN	CHOR002
PUN	GEOM135
PUN	CHOR014
PUN	CHOR014
PUN	CHOR014
PUN	CHOR014
PUN	CHOR014
PUN	CHOR014
PUN	CHOR014
PUN	CHOR014
PUN	CHOR014
PUN	CHOR014
PUN	CHOR014
PUN	CHOR014
PUN	TORT005
PUN	TORT005
PUN	CHOR002
PUN	CHOR002
PUN	CHOR002
PUN	CHOR002
PUN	CHOR002
PUN	CHOR002
PUN	CHOR002
PUN	CHOR002
PUN	CHOR002
PUN	CHOR002
PUN	CHOR002
PUN	CHOR002
PUN	CHOR002
SPA	TORT022
SPA	TORT131
SPA	TORT022
SPA	TORT022
SPA	TORT022
SPA	HYBL002
SPA	HYBL002
SPA	HYBL002
SPA	HYBL002
SPA	HYBL002
SPA	HYBL002
SPA	HYBL002
SPA	HYBL002
SPA	HYBL002
SPA	HYBL002
SPA	HYBL002
SPA	HYBL002
SPA	HYBL002
SPA	HYBL002
SPA	HYBL002
SPA	HYBL002
SPA	HYBL002
SPA	HYBL002
SPA	HYBL002
SPA	HYBL002
SPA	HYBL002
SPA	HYBL002
SPA	HYBL002
SPA	HYBL002
SPA	HYBL002
SPA	HYBL002
SPA	HYBL002
SPA	HYBL002
SPA	HYBL002
SPA	HYBL002
SPA	HYBL002
SPA	HYBL002
SPA	HYBL002
SPA	HYBL002
SPA	HYBL002
SPA	HYBL002
SPA	HYBL002
SPA	HYBL002
SPA	HYBL002
SPA	HYBL002
SPA	HYBL002
SPA	HYBL002
SPA	HYBL002
SPA	HYBL002
SPA	HYBL002
SPA	HYBL002
SPA	HYBL002
SPA	HYBL002
SPA	HYBL002
SPA	HYBL002
SPA	HYBL002
SPA	HYBL002
SPA	HYBL002
SPA	HYBL002
SPA	HYBL002
SPA	HYBL002
SPA	HYBL002
SPA	HYBL002
SPA	HYBL002
SPA	HYBL002
SPA	HYBL002
SPA	HYBL002
SPA	HYBL002
SPA	HYBL002
SPA	HYBL002
SPA	HYBL002
SPA	HYBL002
SPA	HYBL002
SPA	HYBL002
SPA	HYBL002
SPA	HYBL002
SPA	HYBL002
SPA	HYBL002
SPA	HYBL002
SPA	TORT040
SPA	GEOM051
SPA	GEOM051
SPA	SPHI005
SPA	HYBL002
SPA	HYBL002
SPA	HYBL002
SPA	HYBL002
SPA	HYBL002
SPA	HYBL002
SPA	HYBL002
SPA	HYBL002
SPA	HYBL002
SPA	HYBL002
SPA	HYBL002
SPA	HYBL002
SPA	HYBL002
SPA	HYBL002
SPA	HYBL002
SPA	HYBL002
SPA	HYBL002
SPA	HYBL002
SPA	HYBL002
SPA	HYBL002
SPA	HYBL002
SPA	HYBL002
SPA	HYBL002
SPA	HYBL002
SPA	HYBL002
SPA	HYBL002
SPA	HYBL002
SPA	HYBL002
SPA	HYBL002
SPA	HYBL002
SPA	SPHI005
SPA	SPHI005
SPA	SPHI005
SPA	XXXX090
SPA	TORT022
SPA	TORT022
SPA	TORT022
SPA	TORT022
SPA	TORT086
SPA	TORT086
SPA	TORT086
SPA	TORT022
SPA	TORT022
SPA	TORT022
SPA	TORT022
SPA	HYBL002
SPA	HYBL002
SPA	HYBL002
SPA	HYBL002
SPA	HYBL002
SPA	HYBL002
SPA	HYBL002
SPA	HYBL002
SPA	HYBL002
SPA	HYBL002
SPA	HYBL002
SPA	HYBL002
SPA	HYBL002
SPA	HYBL002
SPA	HYBL002
SPA	HYBL002
SPA	HYBL002
SPA	HYBL002
SPA	HYBL002
SPA	HYBL002
SPA	HYBL002
SPA	HYBL002
SPA	HYBL002
SPA	HYBL002
SPA	HYBL002
SPA	HYBL002
SPA	HYBL002
SPA	HYBL002
SPA	HYBL002
SPA	HYBL002
SPA	HYBL002
SPA	HYBL002
SPA	HYBL002
SPA	HYBL002
SPA	HYBL002
SPA	HYBL002
SPA	SPHI019
SPA	SPHI005
SPA	SPHI005
SPA	SPHI005
SPA	SPHI005
SPA	HYBL002
SPA	HYBL002
SPA	HYBL002
SPA	HYBL002
SPA	HYBL002
SPA	SPHI005
SPA	SPHI005
SPA	SPHI005
SPA	GEOM051
SPA	GEOM051
SPA	SPHI005
SPA	SPHI005
SPA	SPHI005
SPA	SPHI005
SPA	NOCT067
SPA	NOCT067
SPA	TORT131
SPA	SPHI005
SPA	SPHI005
SPA	SPHI005
SPA	SPHI005
SPA	TORT022
SPA	CRAM040
SPA	CRAM040
SPA	TORT131
SPA	TORT131
SPA	XXXX090
SPA	XXXX090
SPA	CRAM040
SPA	CRAM040
SPA	CRAM040
SPA	CRAM040
SPA	CRAM090
SPA	CRAM090
SPA	XXXX090
SPA	SPHI019
SPA	SPHI019
SPA	SPHI019
SPA	SPHI019
SPA	SPHI019
SPA	HYBL002
SPA	HYBL002
SPA	HYBL002
SPA	HYBL002
SPA	HYBL002
SPA	HYBL002
SPA	HYBL002
SPA	HYBL002
SPA	HYBL002
SPA	HYBL002
SPA	HYBL002
SPA	HYBL002
SPA	HYBL002
SPA	HYBL002
SPA	HYBL002
SPA	HYBL002
SPA	HYBL002
SPA	HYBL002
SPA	HYBL002
SPA	HYBL002
SPA	HYBL002
SPA	HYBL002
SPA	HYBL002
SPA	HYBL002
SPA	HYBL002
SPA	HYBL002
SPA	HYBL002
SPA	HYBL002
SPA	HYBL002
SPA	HYBL002
SPA	HYBL002
SPA	SPHI005
SPA	SPHI019
SPA	SPHI019
SPA	SPHI019
SPA	SPHI019
SPA	SPHI019
SPA	SPHI019
SPA	SPHI019
SPA	SPHI019
SPA	SPHI019
SPA	SPHI019
SPA	SPHI019
SPA	SPHI019
SPA	SPHI019
SPA	HYBL002
SPA	HYBL002
SPA	HYBL002
SPA	HYBL002
SPA	HYBL002
SPA	HYBL002
SPA	HYBL002
SPA	HYBL002
SPA	HYBL002
SPA	HYBL002
SPA	HYBL002
SPA	HYBL002
SPA	HYBL002
SPA	HYBL002
SPA	HYBL002
SPA	HYBL002
SPA	SPHI005
SPA	SPHI005
SPA	SPHI005
SPA	SPHI005
SPA	HYBL002
SPA	HYBL002
SPA	HYBL002
SPA	HYBL002
SPA	HYBL002
SPA	HYBL002
SPA	HYBL002
SPA	HYBL002
SPA	HYBL002
SPA	HYBL002
SPA	HYBL002
SPA	HYBL002
SPA	HYBL002
SPA	HYBL002
SPA	HYBL002
SPA	HYBL002
SPA	HYBL002
SPA	HYBL002
SPA	HYBL002
SPA	HYBL002
SPA	HYBL002
SPA	HYBL002
SPA	HYBL002
SPA	HYBL002
SPA	HYBL002
SPA	HYBL002
SPA	HYBL002
SPA	HYBL002
SPA	HYBL002
SPA	HYBL002
SPA	HYBL002
SPA	HYBL002
SPA	HYBL002
SPA	HYBL002
SPA	HYBL002
SPA	HYBL002
SPA	HYBL002
SPA	HYBL002
SPA	HYBL002
SPA	HYBL002
SPA	HYBL002
SPA	HYBL002
SPA	HYBL002
SPA	HYBL002
SPA	HYBL002
SPA	HYBL002
SPA	HYBL002
SPA	SPHI019
SPA	SPHI019
SPA	SPHI019
SPA	SPHI019
SPA	SPHI005
SPA	SPHI005
SPA	SPHI005
SPA	SPHI005
SPA	SPHI005
SPA	SPHI005
SPA	SPHI005
SPA	SPHI005
SPA	SPHI005
SPA	SPHI005
SPA	SPHI005
SPA	SPHI005
SPA	SPHI005
SPA	SPHI005
SPA	SPHI005
SPA	SPHI005
SPA	SPHI005
SPA	SPHI005
SPA	SPHI005
SPA	SPHI005
SPA	SPHI005
SPA	SPHI005
SPA	SPHI005
SPA	SPHI005
SPA	SPHI005
SPA	HYBL002
SPA	HYBL002
SPA	HYBL002
SPA	HYBL002
SPA	HYBL002
SPA	HYBL002
SPA	GEOM015
SPA	SPHI005
SPA	SPHI005
SPA	SPHI005
SPA	SPHI005
SPA	SPHI005
SPA	SPHI005
SPA	SPHI005
SPA	SPHI005
SPA	SPHI005
SPA	SPHI005
SPA	SPHI005
SPA	SPHI005
SPA	SPHI005
SPA	SPHI005
SPA	SPHI005
SPA	SPHI005
SPA	SPHI005
SPA	SPHI005
SPA	SPHI005
SPA	SPHI005
SPA	SPHI005
SPA	SPHI005
SPA	SPHI005
SPA	SPHI005
SPA	SPHI005
SPA	SPHI005
SPA	SPHI005
SPA	SPHI005
SPA	SPHI005
SPA	SPHI005
SPA	SPHI005
SPA	SPHI005
SPA	SPHI005
SPA	SPHI005
SPA	SPHI005
SPA	SPHI005
SPA	SPHI005
SPA	SPHI005
SPA	SPHI005
SPA	SPHI005
SPA	SPHI005
SPA	SPHI005
SPA	SPHI005
SPA	SPHI005
SPA	SPHI005
SPA	SPHI005
SPA	SPHI005
SPA	SPHI005
SPA	SPHI005
SPA	SPHI005
SPA	SPHI005
SPA	SPHI005
SPA	SPHI005
SPA	SPHI005
SPA	SPHI005
SPA	SPHI005
SPA	SPHI005
SPA	SPHI005
SPA	SPHI005
SPA	SPHI005
SPA	SPHI005
SPA	SPHI005
SPA	SPHI005
SPA	SPHI005
SPA	SPHI005
SPA	SPHI005
SPA	SPHI005
SPA	SPHI019
SPA	SPHI019
SPA	SPHI019
SPA	SPHI019
SPA	SPHI019
SPA	SPHI019
SPA	SPHI019
SPA	SPHI019
SPA	XXXX090
SPA	HYBL002
SPA	HYBL002
SPA	HYBL002
SPA	HYBL002
SPA	HYBL002
SPA	HYBL002
SPA	HYBL002
SPA	HYBL002
SPA	TORT131
SPA	SPHI019
SPA	SPHI019
SPA	SPHI019
SPA	SPHI019
SPA	SPHI005
SPA	SPHI005
SPA	GEOM051
SPA	GEOM051
SPA	GEOM051
SPA	XXXX090
SPA	TORT131
SPA	TORT131
SPA	TORT044
SPA	TORT044
SPA	NOCT049
SPA	NOCT049
SPA	DREP006
SPA	DREP006
SPA	DREP006
SPA	SPHI019
SPA	SPHI005
SPA	SPHI005
SPA	SPHI005
SPA	SPHI005
SPA	SPHI005
SPA	SPHI005
SPA	SPHI005
SPA	SPHI005
SPA	TORT044
SPA	HYBL002
SPA	HYBL002
SPA	HYBL002
SPA	TORT040
SPA	TORT040
SPA	TORT040
SPA	TORT040
SPA	HYBL002
SPA	HYBL002
SPA	HYBL002
SPA	HYBL002
SPA	HYBL002
SPA	HYBL002
SPA	HYBL002
SPA	HYBL002
SPA	HYBL002
SPA	HYBL002
SPA	HYBL002
SPA	HYBL002
SPA	HYBL002
SPA	HYBL002
SPA	HYBL002
SPA	HYBL002
SPA	HYBL002
SPA	HYBL002
SPA	HYBL002
SPA	HYBL002
SPA	HYBL002
SPA	HYBL002
SPA	SPHI019
SPA	SPHI005
SPA	SPHI005
SPA	SPHI005
SPA	SPHI005
SPA	SPHI005
SPA	SPHI005
SPA	SPHI005
SPA	SPHI005
SPA	SPHI005
SPA	SPHI005
SPA	SPHI005
SPA	SPHI005
SPA	SPHI019
SPA	SPHI019
SPA	SPHI005
SPA	SPHI005
SPA	SPHI005
SPA	SPHI005
SPA	SPHI005
SPA	SPHI005
SPA	SPHI019
SPA	SPHI019
SPA	SPHI019
SPA	SPHI019
SPA	SPHI005
SPA	SPHI005
SPA	SPHI005
SPA	SPHI005
SPA	SPHI005
SPA	SPHI005
SPA	SPHI005
SPA	SPHI005
SPA	SPHI005
SPA	SPHI005
SPA	SPHI019
SPA	SPHI019
SPA	SPHI019
SPA	SPHI019
SPA	SPHI019
SPA	GEOM051
SPA	GEOM051
SPA	HYBL002
SPA	SPHI005
SPA	TORT022
SPA	TORT022
SPA	TORT044
SPA	TORT044
SPA	TORT022
SPA	TORT131
SPA	TORT131
SPA	TORT067
SPA	TORT067
SPA	TORT067
SPA	TORT067
SPA	TORT034
SPA	TORT034
SPA	TORT034
SPA	TORT040
SPA	TORT040
SPA	TORT022
SPA	TORT022
SPA	TORT131
SPA	TORT131
SPA	TORT131
SPA	TORT131
SPA	TORT131
SPA	TORT131
SPA	XXXX090
SPA	XXXX090
SPA	XXXX090
SPA	XXXX090
SPA	XXXX090
SPA	XXXX090
SPA	TORT071
SPA	TORT071
SPA	NOCT067
SPA	NOCT067
SPA	HYBL002
SPA	HYBL002
SPA	HYBL002
SPA	HYBL002
SPA	HYBL002
SPA	HYBL002
SPA	HYBL002
SPA	HYBL002
SPA	HYBL002
SPA	HYBL002
SPA	HYBL002
SPA	HYBL002
SPA	HYBL002
SPA	HYBL002
SPA	HYBL002
SPA	HYBL002
SPA	HYBL002
SPA	GEOM015
SPA	PYRA029
SPA	PYRA029
SPA	TORT022
SPA	TORT098
SPA	TORT044
SPA	TORT044
SPA	GEOM051
SPA	GEOM051
SPA	GEOM051
SPA	GEOM051
SPA	GEOM051
SPA	GEOM051
SPA	GEOM051
SPA	GEOM051
SPA	GEOM051
SPA	GEOM051
SPA	GEOM051
SPA	GEOM051
SPA	GEOM051
SPA	GEOM051
SPA	GEOM051
SPA	GEOM051
SPA	GEOM051
SPA	NOCT049
SPA	NOCT049
SPA	NOCT049
SPA	SPHI005
SPA	GEOM051
SPA	HYBL002
SPA	HYBL002
SPA	HYBL002
SPA	HYBL002
SPA	SPHI019
TIT	CRAM037
TIT	CRAM037
TIT	CRAM037
TRI	PYRA020
TRI	PYRA020
TRI	PYRA020
TRI	PYRA021
TRI	PYRA021
TRI	PYRA021
TRI	PYRA021
TRI	PYRA021
TRI	GEOM034
TRI	LIMA024
TRI	LIMA024
TRI	LIMA024
TRI	LIMA024
TRI	LIMA024
TRI	LIMA024
TRI	PYRA021
TRI	PYRA021
TRI	PYRA021
TRI	PYRA021
TRI	PYRA021
TRI	PYRA021
TRI	PYRA021
TRI	PYRA021
TRI	PYRA021
TRI	PYRA021
TRI	PYRA021
TRI	PYRA021
TRI	PYRA021
TRI	PYRA021
TRI	PYRA021
TRI	PYRA021
TRI	PYRA021
TRI	PYRA021
TRI	PYRA021
TRI	PYRA021
TRI	PYRA021
TRI	GEOM034
TRI	GEOM034
TRI	GEOM034
TRI	THYR010
TRI	THYR010
TRI	THYR010
TRI	THYR010
TRI	THYR010
TRI	THYR010
TRI	THYR010
TRI	THYR010
TRI	CRAM013
TRI	CRAM013
TRI	CRAM013
TRI	CRAM013
TRI	CRAM013
TRI	CRAM013
TRI	CRAM013
TRI	CRAM013
TRI	CRAM013
TRI	CRAM013
TRI	CRAM013
TRI	CRAM013
TRI	CRAM013
TRI	CRAM013
TRI	CRAM013
TRI	CRAM013
TRI	CRAM013
TRI	CRAM013
TRI	CRAM013
TRI	CRAM013
TRI	CRAM013
TRI	CRAM013
TRI	CRAM013
TRI	CRAM013
TRI	CRAM013
TRI	CRAM013
TRI	CRAM013
TRI	CRAM013
TRI	CRAM013
TRI	CRAM013
TRI	CRAM013
TRI	CRAM013
TRI	CRAM013
TRI	CRAM013
TRI	CRAM013
TRI	CRAM013
TRI	CRAM013
TRI	CRAM013
TRI	CRAM013
TRI	CRAM013
TRI	CRAM013
TRI	CRAM013
TRI	CRAM013
TRI	CRAM013
TRI	CRAM013
TRI	CRAM013
TRI	CRAM013
TRI	NOCT081
TRI	NOCT081
TRI	GEOM130
TRI	GEOM130
TRI	GEOM130
TRI	LYMA059
TRI	LYMA059
TRI	LYMA059
TRI	PYRA023
TRI	PYRA023
TRI	PYRA023
TRI	CRAM076
TRI	CRAM013
TRI	CRAM013
TRI	THYR010
TRI	THYR010
TRI	CRAM076
TRI	CRAM076
TRI	CRAM076
TRI	CRAM013
TRI	CRAM013
TRI	CRAM013
TRI	CRAM013
TRI	CRAM013
TRI	CRAM013
TRI	CRAM013
TRI	PYRA021
TRI	PYRA021
TRI	CRAM013
TRI	CRAM013
TRI	PYRA021
TRI	PYRA021
TRI	PYRA021
TRI	PYRA021
TRI	GEOM034
TRI	GEOM034
TRI	GEOM034
TRI	PYRA021
TRI	LYMA059
TRI	LYMA059
TRI	THYR010
TRI	PYRA021
TRI	PYRA021
TRI	LYMA059
TRI	LYMA059
TRI	GEOM034
TRI	GEOM034
TRI	GEOM034
TRI	GEOM034
TRI	TORT034
TRI	TORT008
TRI	TORT008
TRI	TORT008
TRI	TORT008
TRI	TORT008
TRI	TORT008
TRI	TORT022
TRI	TORT022
TRI	TORT022
TRI	CRAM013
TRI	CRAM013
TRI	CRAM013
TRI	CRAM013
TRI	CRAM013
TRI	CRAM013
TRI	CRAM013
TRI	CRAM013
TRI	CRAM013
TRI	CRAM013
TRI	CRAM013
TRI	CRAM013
TRI	CRAM013
TRI	CRAM013
TRI	CRAM013
TRI	CRAM013
TRI	CRAM013
TRI	CRAM013
TRI	CRAM013
TRI	CRAM013
TRI	CRAM013
TRI	CRAM013
TRI	CRAM013
TRI	CRAM013
TRI	CRAM013
TRI	CRAM013
TRI	CRAM013
TRI	CRAM013
TRI	CRAM013
TRI	CRAM013
TRI	CRAM013
TRI	CRAM013
TRI	CRAM013
TRI	CRAM013
TRI	CRAM048
TRI	CRAM048
TRI	THYR010
TRI	THYR010
TRI	THYR010
TRI	THYR010
TRI	THYR010
TRI	THYR010
TRI	THYR010
TRI	THYR010
TRI	THYR010
TRI	TORT034
TRI	TORT034
TRI	TORT034
TRI	TORT034
TRI	TORT034
TRI	TORT034
TRI	TORT034
TRI	TORT034
TRI	TORT034
TRI	TORT034
TRI	TORT034
TRI	TORT034
TRI	TORT034
TRI	TORT034
TRI	TORT034
TRI	TORT034
TRI	LYMA062
TRI	LYMA062
TRI	TORT167
TRI	TORT167
TRI	PYRA021
TRI	PYRA021
TRI	PYRA021
TRI	PYRA021
TRI	PYRA021
TRI	PYRA021
TRI	PYRA021
TRI	TORT008
TRI	TORT034
TRI	TORT008
TRI	TORT008
TRI	TORT008
TRI	TORT008
TRI	TORT008
TRI	TORT008
TRI	TORT008
TRI	TORT008
TRI	TORT008
TRI	THYR010
TRI	THYR010
TRI	NOCT081
TRI	NOCT081
TRI	NOCT081
TRI	CRAM013
TRI	CRAM013
TRI	CRAM013
TRI	CRAM013
TRI	CRAM013
TRI	TORT008
TRI	TORT040
TRI	PYRA021
TRI	PYRA021
TRI	LYMA059
TRI	LYMA059
TRI	LYMA059
TRI	LYMA059
TRI	LYMA059
TRI	THYR010
TRI	THYR010
TRI	CRAM013
TRI	CRAM013
TRI	CRAM013
TRI	CRAM013
TRI	CRAM013
TRI	CRAM013
TRI	CRAM013
TRI	CRAM013
TRI	CRAM013
TRI	CRAM013
TRI	CRAM013
TRI	CRAM013
TRI	CRAM013
TRI	CRAM013
TRI	CRAM013
TRI	THYR010
TRI	THYR010
TRI	THYR010
TRI	THYR010
TRI	THYR010
TRI	CRAM013
TRI	CRAM013
TRI	CRAM013
TRI	CRAM013
TRI	CRAM013
TRI	PYRA013
TRI	PYRA013
TRI	THYR010
TRI	THYR010
TRI	THYR010
TRI	THYR010
TRI	THYR010
TRI	THYR010
TRI	THYR010
TRI	THYR010
TRI	THYR010
TRI	THYR010
TRI	THYR010
TRI	THYR010
TRI	THYR010
TRI	THYR010
TRI	THYR010
TRI	THYR010
TRI	THYR010
TRI	THYR010
TRI	GEOM132
TRI	GEOM132
TRI	GEOM132
TRI	GEOM132
TRI	GEOM132
TRI	GEOM132
TRI	GEOM132
TRI	GEOM132
TRI	GEOM132
TRI	GEOM132
TRI	GEOM132
TRI	GEOM132
TRI	GEOM132
TRI	GEOM132
TRI	GEOM132
TRI	GEOM132
TRI	GEOM132
TRI	LYMA059
TRI	LYMA059
TRI	LYMA059
TRI	LYMA059
TRI	GEOM034
TRI	GEOM034
TRI	GEOM034
TRI	GEOM034
TRI	GEOM034
TRI	GEOM034
TRI	CRAM076
TRI	CRAM076
TRI	CRAM013
TRI	CRAM013
TRI	CRAM013
TRI	CRAM013
TRI	CRAM013
TRI	CRAM013
TRI	CRAM013
TRI	CRAM013
TRI	CRAM013
TRI	CRAM013
TRI	CRAM013
TRI	CRAM013
TRI	CRAM013
TRI	CRAM013
TRI	CRAM013
TRI	CRAM013
TRI	CRAM013
TRI	THYR010
TRI	THYR010
TRI	THYR010
TRI	THYR010
TRI	PYRA021
TRI	PYRA021
TRI	PYRA021
TRI	PYRA021
TRI	PYRA024
TRI	PYRA024
TRI	PYRA024
TRI	PYRA024
TRI	PYRA024
TRI	PYRA024
TRI	PYRA021
TRI	PYRA021
TRI	PYRA021
TRI	PYRA021
TRI	PYRA024
TRI	PYRA024
TRI	PYRA024
TRI	GEOM132
TRI	GEOM132
TRI	GEOM132
TRI	GEOM132
TRI	GEOM132
TRI	GEOM132
TRI	PYRA021
TRI	PYRA021
TRI	PYRA021
TRI	CRAM013
TRI	CRAM013
TRI	CRAM013
TRI	PYRA024
TRI	PYRA024
TRI	PYRA024
TRI	PYRA024
TRI	PYRA024
TRI	PYRA024
TRI	TORT034
TRI	TORT034
TRI	TORT034
TRI	PYRA024
TRI	TORT008
TRI	PYRA021
TRI	PYRA021
TRI	PYRA021
TRI	PYRA021
TRI	PYRA021
TRI	PYRA021
TRI	PYRA021
TRI	PYRA021
TRI	GEOM034
TRI	GEOM034
TRI	PYRA013
TRI	PYRA013
TRI	PYRA013
TRI	TORT034
TRI	TORT034
TRI	TORT034
TRI	PYRA021
TRI	PYRA021
TRI	PYRA021
TRI	PYRA021
TRI	PYRA021
TRI	PYRA021
TRI	PYRA021
TRI	PYRA021
TRI	PYRA021
TRI	GEOM132
TRI	GEOM132
TRI	CRAM013
TRI	CRAM013
TRI	CRAM013
TRI	PYRA021
TRI	GEOM132
TRI	GEOM132
TRI	THYR010
TRI	THYR010
TRI	THYR010
TRI	GEOM132
TRI	GEOM132
TRI	GEOM132
TRI	GEOM132
TRI	GEOM132
TRI	GEOM132
TRI	TORT008
TRI	TORT008
TRI	GEOM132
TRI	TORT061
TRI	TORT061
TRI	GEOM132
TRI	GEOM132
TRI	GEOM132
TRI	GEOM132
TRI	PYRA021
TRI	TORT034
TRI	TORT034
TRI	TORT034
TRI	PYRA021
TRI	TORT008
TRI	TORT008
TRI	TORT008
TRI	PYRA021
TRI	PYRA021
TRI	PYRA021
TRI	PYRA021
TRI	PYRA021
TRI	PYRA021
TRI	PYRA021
TRI	TORT034
TRI	NOCT048
TRI	NOCT048
TRI	NOCT048
TRI	NOCT048
TRI	NOCT048
TRI	NOCT048
TRI	NOCT048
TRI	NOCT048
TRI	NOCT048
TRI	TORT034
TRI	TORT034
TRI	PYRA021
TRI	PYRA021
TRI	PYRA021
TRI	PYRA021
TRI	PYRA021
TRI	PYRA021
TRI	PYRA021
TRI	PYRA021
TRI	PYRA021
TRI	CRAM013
TRI	CRAM013
TRI	CRAM013
TRI	CRAM013
TRI	CRAM013
TRI	CRAM013
TRI	CRAM013
TRI	NOCT081
TRI	NOCT081
TRI	NOCT081
TRI	CRAM013
TRI	CRAM013
TRI	PYRA021
TRI	PYRA021
TRI	PYRA021
TRI	PYRA021
TRI	PYRA021
TRI	PYRA021
TRI	PYRA021
TRI	PYRA021
TRI	PYRA021
TRI	PYRA021
TRI	PYRA021
TRI	LYMA059
TRI	LYMA059
TRI	TORT022
TRI	TORT008
TRI	TORT008
TRI	TORT008
TRI	TORT008
TRI	TORT008
TRI	TORT008
TRI	TORT008
TRI	TORT008
TRI	TORT008
TRI	TORT008
TRI	TORT008
TRI	TORT044
TRI	NOCT048
TRI	NOCT048
TRI	NOCT048
TRI	PYRA021
TRI	PYRA021
TRI	PYRA021
TRI	PYRA021
TRI	PYRA021
TRI	PYRA021
TRI	PYRA021
TRI	PYRA021
TRI	PYRA021
TRI	PYRA021
TRI	PYRA021
TRI	PYRA021
TRI	CRAM013
TRI	CRAM013
TRI	CRAM013
TRI	CRAM013
TRI	CRAM013
TRI	CRAM013
TRI	TORT034
TRI	TORT034
TRI	TORT034
TRI	TORT008
TRI	TORT022
TRI	TORT167
TRI	TORT034
TRI	TORT034
TRI	TORT034
TRI	TORT034
TRI	TORT095
TRI	GEOM132
TRI	GEOM132
TRI	LYMA059
TRI	LYMA059
TRI	LYMA059
TRI	LYMA059
TRI	LYMA059
TRI	LYMA059
TRI	NOCT081
TRI	NOCT081
TRI	NOCT081
TRI	NOCT081
TRI	NOCT081
TRI	NOCT081
TRI	NOCT081
TRI	GEOM034
TRI	GEOM132
TRI	GEOM132
TRI	GEOM132
TRI	GEOM132
TRI	GEOM132
TRI	GEOM132
TRI	THYR010
TRI	THYR010
TRI	THYR010
TRI	THYR010
TRI	THYR010
TRI	THYR010
TRI	THYR010
TRI	THYR010
TRI	THYR010
TRI	THYR010
TRI	THYR010
TRI	THYR010
TRI	PYRA021
TRI	PYRA021
TRI	PYRA021
TRI	PYRA021
TRI	PYRA021
TRI	PYRA021
TRI	PYRA021
TRI	CRAM013
TRI	CRAM013
TRI	CRAM013
TRI	CRAM013
TRI	CRAM013
TRI	CRAM013
TRI	PYRA021
TRI	PYRA021
TRI	PYRA021
TRI	PYRA021
TRI	CRAM013
TRI	CRAM013
TRI	CRAM013
TRI	CRAM013
TRI	CRAM013
TRI	CRAM013
TRI	CRAM013
TRI	THYR010
TRI	THYR010
TRI	THYR010
TRI	THYR010
TRI	THYR010
TRI	THYR010
TRI	THYR010
TRI	THYR010
TRI	THYR010
TRI	THYR010
TRI	GEOM132
TRI	GEOM132
TRI	GEOM132
TRI	GEOM132
TRI	GEOM132
TRI	GEOM132
TRI	GEOM132
TRI	GEOM132
TRI	GEOM132
TRI	GEOM132
TRI	GEOM132
TRI	GEOM132
TRI	GEOM132
TRI	GEOM132
TRI	GEOM132
TRI	GEOM132
TRI	GEOM132
TRI	GEOM132
TRI	GEOM015
TRI	GEOM015
TRI	GEOM015
TRI	GEOM015
TRI	TORT008
TRI	TORT008
TRI	TORT008
TRI	TORT034
TRI	TORT034
TRI	TORT034
TRI	TORT034
TRI	TORT034
TRI	TORT034
TRI	TORT034
TRI	TORT034
TRI	TORT034
TRI	TORT034
TRI	TORT034
TRI	TORT034
TRI	TORT034
TRI	TORT034
TRI	TORT167
TRI	TORT167
TRI	TORT167
TRI	GEOM132
TRI	GEOM132
TRI	GEOM132
TRI	GEOM132
TRI	GEOM132
TRI	GEOM132
TRI	GEOM132
TRI	GEOM132
TRI	GEOM132
TRI	GEOM132
TRI	GEOM132
TRI	GEOM132
TRI	GEOM132
TRI	GEOM132
TRI	GEOM132
TRI	GEOM132
TRI	GEOM132
TRI	GEOM132
TRI	THYR010
TRI	THYR010
TRI	THYR010
TRI	THYR010
TRI	THYR010
TRI	THYR010
TRI	THYR010
TRI	CRAM013
TRI	CRAM013
TRI	CRAM013
TRI	CRAM013
TRI	CRAM013
TRI	CRAM013
TRI	CRAM013
TRI	CRAM013
TRI	CRAM013
TRI	CRAM013
TRI	CRAM013
TRI	CRAM013
TRI	CRAM013
TRI	CRAM013
TRI	CRAM013
TRI	CRAM013
TRI	CRAM013
TRI	CRAM013
TRI	CRAM013
TRI	CRAM013
TRI	GEOM034
TRI	TORT008
TRI	TORT008
TRI	TORT008
TRI	TORT008
TRI	TORT008
TRI	TORT008
TRI	TORT008
TRI	TORT008
TRI	TORT034
TRI	TORT034
TRI	TORT034
TRI	TORT034
TRI	GEOM132
TRI	GEOM132
TRI	GEOM132
TRI	GEOM132
TRI	GEOM132
TRI	GEOM132
TRI	GEOM132
TRI	GEOM132
TRI	GEOM132
TRI	GEOM132
TRI	GEOM132
TRI	GEOM132
TRI	GEOM132
TRI	GEOM132
TRI	GEOM132
TRI	GEOM132
TRI	GEOM132
TRI	GEOM132
TRI	GEOM132
TRI	GEOM132
TRI	GEOM132
TRI	GEOM132
TRI	GEOM132
TRI	GEOM132
TRI	GEOM132
TRI	GEOM132
TRI	GEOM132
TRI	GEOM132
TRI	GEOM132
TRI	GEOM132
TRI	GEOM132
TRI	GEOM132
TRI	GEOM132
TRI	GEOM132
TRI	GEOM132
TRI	GEOM034
TRI	GEOM034
TRI	LYMA062
TRI	LYMA062
TRI	LYMA062
TRI	LYMA062
TRI	LYMA059
TRI	LYMA059
TRI	LYMA059
TRI	LYMA059
TRI	LYMA059
TRI	LYMA059
TRI	NOCT085
TRI	NOCT085
TRI	NOCT085
TRI	NOCT085
TRI	NOCT085
TRI	NOCT085
TRI	NOCT085
TRI	NOCT085
TRI	NOCT085
TRI	NOCT085
TRI	NOCT085
TRI	THYR010
TRI	THYR010
TRI	CRAM012
TRI	CRAM012
TRI	CRAM012
TRI	CRAM012
TRI	CRAM012
TRI	CRAM012
TRI	CRAM012
TRI	CRAM012
TRI	CRAM012
TRI	CRAM012
TRI	CRAM013
TRI	CRAM013
TRI	CRAM013
TRI	CRAM013
TRI	CRAM013
TRI	CRAM013
TRI	CRAM013
TRI	CRAM013
TRI	CRAM013
TRI	CRAM013
TRI	CRAM013
TRI	CRAM013
TRI	CRAM013
TRI	CRAM013
TRI	CRAM013
TRI	CRAM013
TRI	CRAM013
TRI	CRAM013
TRI	CRAM013
TRI	LYMA062
TRI	LYMA062
TRI	LYMA062
TRI	LYMA062
TRI	THYR010
TRI	GEOM132
TRI	GEOM132
TRI	CRAM013
TRI	CRAM013
TRI	CRAM013
TRI	CRAM013
TRI	CRAM013
TRI	CRAM013
TRI	CRAM013
TRI	CRAM013
TRI	PYRA021
TRI	PYRA021
TRI	PYRA021
TRI	PYRA021
SPA	HYBL002
SPA	HYBL002
MAF	XXXX068
MAF	XXXX068
MAF	XXXX068
MAF	XXXX068
MAF	XXXX068
MAF	XXXX068
MAF	XXXX068
MAF	XXXX068
MAF	XXXX068
MAF	XXXX068
MAF	XXXX068
MAF	XXXX068
HYB	CRAM012
HYB	CRAM012
HYB	CRAM012
MAU	CHOR008
PAD	CRAM066
PAD	CRAM066
PAD	CRAM066
PAD	CRAM066
PAD	CRAM066
PAD	CRAM066
PAD	CRAM066
PAD	CRAM066
PAD	CRAM066
PAD	CRAM066
PAD	CRAM066
PAD	CRAM066
PAD	CRAM066
PAD	CRAM066
PAD	CRAM066
PAD	CRAM066
PAD	CRAM066
PAD	CRAM066
PAD	CRAM066
PAD	CRAM066
PAD	CRAM066
PAD	CRAM066
PAD	CRAM066
PAD	CRAM066
PAD	CRAM066
PAD	CRAM066
PAD	CRAM066
PAD	CRAM066
PAD	CRAM066
PAD	CRAM066
PAD	CRAM066
PAD	CRAM066
PAD	CRAM066
PAD	CRAM066
PAD	CRAM066
PAD	CRAM066
PAD	CRAM066
PAD	CRAM066
PAD	CRAM066
PAD	CRAM066
PAD	CRAM066
PAD	CRAM066
PAD	CRAM066
PAD	CRAM066
PAD	CRAM066
PAD	CRAM066
PAD	CRAM066
PAD	CRAM066
PAD	CRAM066
PAD	CRAM066
PAD	CRAM066
PAD	CRAM066
PAD	CRAM066
PAD	CRAM066
PAD	CRAM066
PAD	CRAM066
PAD	CRAM066
PAD	CRAM066
PAD	CRAM066
PAD	CRAM066
PAD	CRAM066
PAD	CRAM066
PAD	CRAM066
PAD	CRAM066
PAD	CRAM066
PAD	CRAM066
PAD	CRAM066
PAD	CRAM066
PAD	CRAM066
PAD	CRAM066
PAD	CRAM066
PAD	CRAM066
PAD	CRAM066
PAD	CRAM066
PAD	CRAM066
PAD	CRAM066
PAD	CRAM066
PAD	CRAM066
PAD	CRAM066
PAD	CRAM066
PAD	CRAM066
PAD	CRAM066
PAD	CRAM066
PAD	CRAM066
PAD	CRAM066
PAD	CRAM066
PAD	CRAM066
PAD	CRAM066
PAD	CRAM066
PAD	CRAM066
PAD	CRAM066
PAD	CRAM066
PAD	CRAM066
HIS	CHOR002
HIS	CHOR002
PAR	CHOR002
PAR	CHOR002
PAR	CHOR002
PAR	CHOR002
PAR	CHOR002
PAR	CHOR002
PUN	CHOR002
PUN	CHOR002
PUN	CHOR002
PUN	CHOR002
PUN	CHOR014
PUN	CHOR014
PUN	CHOR002
PUN	CHOR002
PUN	CHOR002
PUN	CHOR002
PUN	CHOR002
PUN	CHOR002
PUN	CHOR002
PUN	CHOR002
PUN	CHOR002
PUN	CHOR002
LEU	CRAM011
PRE	CRAM023
PRE	CRAM023
PRE	CRAM023
PRE	CRAM023
PRE	CRAM023
PRE	CRAM023
PRE	CRAM023
KLE	XXXX116
KLE	XXXX116
KLE	XXXX116
KLE	XXXX116
TRI	CRAM013
TRI	CRAM013
TRI	CRAM013
TRI	CRAM013
TRI	CRAM013
TRI	CRAM013
TRI	CRAM013
TRI	CRAM013
TRI	CRAM013
TRI	CRAM013
TRI	CRAM013
TRI	CRAM013
TRI	CRAM013
MAA	XXXX021
MAA	XXXX021
MAA	XXXX021
MAA	XXXX068
MAA	XXXX068
MAA	XXXX021
MAA	XXXX021
MAA	XXXX021
PAR	TORT005
BER	TORT005
CON	TORT005
HIS	TORT012
PAR	TORT005
PAR	TORT005
PHA	TORT005
PRE	CRAM023
GEU	PYRA003
GEU	PYRA003
GEU	PYRA003
GEU	PYRA003
GEU	PYRA003
GEU	PYRA003
GEU	PYRA003
TRI	PYRA021
TRI	PYRA021
TRI	PYRA021
TRI	PYRA021
TRI	PYRA021
TRI	PYRA021
TRI	PYRA021
TRI	PYRA021
TRI	PYRA021
TRI	CHOR012
TRI	CHOR012
TRI	CHOR012
TRI	CHOR012
TRI	CHOR012
TRI	PYRA021
TRI	PYRA021
TRI	PYRA021
TRI	PYRA021
TRI	PYRA021
TRI	PYRA021
TRI	PYRA021
GEU	PYRA013
PRE	URAN009
COR	TORT040
COR	TORT040
GEU	PYRA003
HYB	CRAM012
HYB	CRAM012
HYB	CRAM012
HYB	CRAM012
HYB	CRAM012
HYB	CRAM012
HYB	CRAM013
HYB	CRAM012
HYB	CRAM012
HYB	CRAM012
HYB	CRAM012
HYB	CRAM012
HYB	CRAM012
HYB	CRAM012
HYB	CRAM012
HYB	CRAM012
HYB	CRAM012
KLE	CRAM012
KLE	CRAM012
TRI	CRAM013
TRI	CRAM013
TRI	CRAM013
TRI	CRAM013
TRI	CRAM013
TRI	CRAM013
HYB	CRAM012
HYB	CRAM012
HYB	CRAM012
TRI	CRAM013
TRI	CRAM013
TRI	CRAM013
TRI	CRAM013
TRI	CRAM013
TRI	CRAM013
TRI	CRAM013
TRI	CRAM013
TRI	CRAM012
TRI	CRAM013
TRI	CRAM013
TRI	CRAM013
TRI	CRAM013
TRI	CRAM013
TRI	CRAM013
TRI	CRAM013
TRI	CRAM013
TRI	CRAM013
TRI	CRAM013
TRI	CRAM013
TRI	CRAM013
TRI	CRAM012
TRI	PYRA021
TRI	CRAM013
TRI	CRAM013
TRI	CRAM013
TRI	CRAM013
TRI	CRAM013
TRI	CRAM013
TRI	CRAM013
TRI	CRAM013
TRI	CRAM013
TRI	CRAM013
TRI	CRAM013
TRI	CRAM013
TRI	CRAM013
TRI	CRAM013
TRI	CRAM013
TRI	CRAM013
TRI	CRAM013
TRI	CRAM013
TRI	CRAM013
TRI	CRAM013
TRI	CRAM013
TRI	CRAM013
TRI	CRAM013
TRI	CRAM013
TRI	CRAM012
TRI	CRAM012
TRI	CRAM012
TRI	PYRA021
TRI	PYRA021
TRI	PYRA021
TRI	GEOM132
TRI	PYRA021
TRI	PYRA021
TRI	PYRA021
TRI	CRAM013
TRI	CRAM013
TRI	CRAM013
TRI	CRAM013
TRI	PYRA021
TRI	PYRA021
TRI	PYRA021
TRI	PYRA021
TRI	CRAM013
TRI	CRAM013
TRI	PYRA021
TRI	GEOM132
TRI	CRAM013
TRI	CRAM013
TRI	CRAM013
TRI	CRAM013
TRI	CRAM013
TRI	CRAM012
TRI	CRAM012
TRI	CRAM012
TRI	CRAM013
TRI	CRAM013
TRI	CRAM013
TRI	CRAM013
TRI	CRAM013
TRI	CRAM013
TRI	CRAM013
TRI	CRAM013
TRI	CRAM013
TRI	CRAM012
TRI	CRAM012
TRI	CRAM013
TRI	CRAM012
TRI	CRAM013
TRI	CRAM013
TRI	CRAM012
TRI	CRAM013
TRI	CRAM013
TRI	PYRA021
HYB	NOCT077
PTE	NOCT017
COR	TORT040
TRI	CRAM013
TRI	CRAM013
TRI	CRAM013
TRI	CRAM013
TRI	PYRA021
TRI	PYRA021
TRI	PYRA021
TRI	PYRA021
TRI	TORT008
TRI	TORT008
TRI	TORT008
TRI	TORT008
TRI	TORT008
TRI	CRAM013
TRI	CRAM013
TRI	CRAM013
TRI	CRAM013
TRI	CRAM013
HYB	CRAM012
HYB	CRAM012
HYB	CRAM013
HYB	CRAM012
TRI	CRAM013
TRI	CRAM013
TRI	CRAM013
TRI	CRAM013
TRI	CRAM013
TRI	CRAM013
TRI	CRAM013
TRI	CRAM013
TRI	CRAM013
TRI	CRAM013
TRI	CRAM013
TRI	CRAM013
TRI	CRAM013
TRI	CRAM013
MAU	TORT075
SPA	TORT022
KLE	TORT008
COR	TORT040
PAR	CHOR002
PTE	TORT131
PAD	TORT040
PAD	TORT040
PAD	TORT040
PTE	XXXX095
PTE	XXXX095
PTE	XXXX095
DAM	CHOR016
GEU	CHOR012
GEU	CHOR012
GEU	CHOR012
GEU	CHOR012
ART	TORT111
ART	TORT111
ART	TORT111
HYB	NOCT077
HYB	NOCT077
HYB	NOCT077
HYB	NOCT077
HYB	NOCT085
PRE	CRAM023
TACH299	PSYC021
TACH299	PSYC021
TACH299	PSYC021
TACH294	LYCA001
TACH294	LYCA006
TACH294	LYCA006
TACH226	HESP007
TACH226	HESP007
TACH226	HESP007
TACH226	HESP007
TACH226	HESP007
TACH226	HESP007
TACH226	HESP007
TACH226	HESP007
TACH226	HESP007
TACH226	HESP007
TACH226	HESP007
TACH226	HESP007
TACH226	HESP007
TACH226	HESP007
TACH220	SPHI019
TACH220	SPHI005
TACH220	SPHI005
TACH220	SPHI005
TACH220	SPHI005
TACH220	SPHI005
TACH220	SPHI005
TACH220	SPHI005
TACH220	SPHI005
TACH220	SPHI005
TACH220	SPHI005
TACH220	SPHI019
TACH220	SPHI019
TACH220	SPHI019
TACH220	SPHI005
TACH220	SPHI005
TACH220	SPHI005
TACH220	SPHI005
TACH220	SPHI019
TACH220	SPHI019
TACH220	SPHI019
TACH220	SPHI019
TACH220	SPHI019
TACH220	SPHI005
TACH220	SPHI005
TACH220	SPHI005
TACH220	SPHI005
TACH220	SPHI005
TACH220	SPHI005
TACH220	SPHI005
TACH220	SPHI005
TACH220	SPHI005
TACH220	SPHI005
TACH220	SPHI005
TACH220	SPHI005
TACH220	SPHI005
TACH220	SPHI005
TACH220	SPHI019
TACH220	SPHI019
TACH220	SPHI019
TACH220	SPHI019
TACH220	SPHI019
TACH220	SPHI019
TACH220	SPHI019
TACH220	SPHI019
TACH220	SPHI019
TACH220	SPHI019
TACH220	SPHI019
TACH220	SPHI019
TACH220	SPHI019
TACH220	SPHI019
TACH220	SPHI019
TACH220	SPHI019
TACH220	SPHI019
TACH220	SPHI019
TACH220	SPHI019
TACH220	SPHI019
TACH220	SPHI019
TACH220	SPHI019
TACH220	SPHI019
TACH220	SPHI019
TACH220	SPHI019
TACH220	SPHI005
TACH220	SPHI005
TACH214	TORT005
TACH213	TORT005
TACH213	TORT005
TACH193	URAN009
TACH193	URAN009
TACH193	URAN009
TACH193	URAN009
TACH180	LYMA060
TACH180	LYMA060
TACH180	LYMA060
TACH162	LYMA026
TACH161	PYRA021
TACH161	PYRA021
TACH161	PYRA021
TACH161	PYRA021
TACH161	PYRA021
TACH161	PYRA021
TACH161	PYRA021
TACH158	THYR010
TACH158	THYR010
TACH158	THYR010
TACH158	LYMA059
TACH158	LYMA059
TACH158	LYMA059
TACH158	LYMA059
TACH158	THYR010
TACH154	GEOM034
TACH154	GEOM034
TACH154	GEOM034
TACH154	GEOM034
TACH154	GEOM034
TACH154	GEOM034
TACH154	GEOM034
TACH118	GEOM051
TACH118	GEOM051
TACH118	GEOM051
TACH113	LYMA039
TACH113	LYMA039
TACH113	GEOM015
TACH109	LYCA001
TACH095	TORT040
TACH095	TORT040
TACH079	NOCT010
TACH078	NOCT010
TACH078	NOCT010
TACH078	NOCT010
TACH050	TORT005
TACH050	TORT005
TACH044	CRAM012
TACH044	CRAM012
TACH044	CRAM012
TACH044	CRAM012
TACH044	CRAM012
TACH044	CRAM012
TACH044	CRAM012
TACH044	CRAM012
TACH044	CRAM012
TACH044	CRAM012
TACH044	CRAM012
TACH044	CRAM012
TACH044	CRAM012
TACH044	CRAM012
TACH044	CRAM012
TACH044	CRAM012
TACH040	CRAM005
TACH036	TORT111
TACH032	PYRA026
TACH032	CRAM013
TACH032	CRAM013
TACH032	CRAM013
TACH032	CRAM013
TACH032	CRAM013
TACH032	CRAM013
TACH032	CRAM013
TACH032	CRAM013
TACH032	CRAM013
TACH032	CRAM013
TACH032	CRAM013
TACH032	CRAM013
TACH032	CRAM013
TACH032	CRAM013
TACH032	CRAM013
TACH032	CRAM013
TACH032	CRAM013
TACH032	PYRA021
TACH032	CRAM013
TACH032	CRAM013
TACH032	CRAM013
TACH032	CRAM013
TACH032	CRAM013
TACH032	CRAM013
TACH032	CRAM013
TACH030	TORT184
TACH026	TORT040
TACH026	TORT040
TACH026	TORT040
TACH026	TORT040
TACH026	TORT040
TACH026	TORT040
TACH026	TORT040
TACH026	TORT022
TACH026	TORT022
TACH025	HESP007
TACH025	HESP007
TACH025	HESP007
TACH025	HESP007
TACH025	HESP007
TACH025	HESP007
TACH025	HESP007
TACH025	HESP007
TACH025	HESP007
TACH025	HESP007
TACH025	HESP007
TACH025	HESP007
TACH025	HESP007
TACH025	HESP007
TACH025	HESP007
TACH025	HESP007
TACH025	HESP007
TACH014	XXXX021
TACH014	XXXX021
TACH014	XXXX021
TACH014	XXXX021
TACH014	XXXX021
TACH014	XXXX021
TACH014	XXXX021
TACH014	XXXX021
TACH014	XXXX021
TACH014	XXXX021
TACH014	XXXX021
TACH014	XXXX021
TACH014	XXXX021
TACH014	XXXX021
TACH014	XXXX021
TACH014	XXXX021
TACH014	XXXX021
TACH014	XXXX021
TACH014	XXXX068
TACH014	XXXX021
TACH014	XXXX021
ROGA004	CRAM003
ROGA001	CRAM005
ROGA001	CRAM005
ORGI018	XXXX068
ORGI004	XXXX068
ORGI004	XXXX068
ORGI004	XXXX068
ORGI004	XXXX068
ORGI004	XXXX068
ORGI004	XXXX068
ORGI004	XXXX068
ORGI001	TORT111
ORGI001	TORT111
ORGI001	TORT111
ORGI001	TORT111
ORGI001	TORT111
ORGI001	TORT111
MICR233	PYRA021
MICR233	PYRA021
MICR233	PYRA021
MICR233	PYRA021
MICR168	HYBL002
MICR168	HYBL002
MICR103	XXXX068
MICR103	XXXX068
MICR103	XXXX068
MICR103	XXXX068
MICR101	XXXX068
MICR101	XXXX068
MICR101	XXXX068
MICR101	XXXX068
MICR101	XXXX068
MICR101	XXXX068
MICR101	XXXX068
MICR101	XXXX068
MICR094	CRAM012
MICR094	CRAM012
MICR094	CRAM012
MICR084	CHOR008
MICR057	CRAM066
MICR057	CRAM066
MICR057	CRAM066
MICR057	CRAM066
MICR057	CRAM066
MICR057	CRAM066
MICR057	CRAM066
MICR057	CRAM066
MICR057	CRAM066
MICR057	CRAM066
MICR057	CRAM066
MICR057	CRAM066
MICR057	CRAM066
MICR057	CRAM066
MICR057	CRAM066
MICR057	CRAM066
MICR057	CRAM066
MICR057	CRAM066
MICR057	CRAM066
MICR057	CRAM066
MICR057	CRAM066
MICR057	CRAM066
MICR057	CRAM066
MICR057	CRAM066
MICR057	CRAM066
MICR057	CRAM066
MICR057	CRAM066
MICR057	CRAM066
MICR057	CRAM066
MICR057	CRAM066
MICR057	CRAM066
MICR057	CRAM066
MICR057	CRAM066
MICR057	CRAM066
MICR057	CRAM066
MICR057	CRAM066
MICR057	CRAM066
MICR057	CRAM066
MICR057	CRAM066
MICR057	CRAM066
MICR057	CRAM066
MICR057	CRAM066
MICR057	CRAM066
MICR057	CRAM066
MICR057	CRAM066
MICR057	CRAM066
MICR057	CRAM066
MICR057	CRAM066
MICR057	CRAM066
MICR057	CRAM066
MICR057	CRAM066
MICR057	CRAM066
MICR057	CRAM066
MICR057	CRAM066
MICR057	CRAM066
MICR057	CRAM066
MICR057	CRAM066
MICR057	CRAM066
MICR057	CRAM066
MICR057	CRAM066
MICR057	CRAM066
MICR057	CRAM066
MICR057	CRAM066
MICR057	CRAM066
MICR057	CRAM066
MICR057	CRAM066
MICR057	CRAM066
MICR057	CRAM066
MICR057	CRAM066
MICR057	CRAM066
MICR057	CRAM066
MICR057	CRAM066
MICR057	CRAM066
MICR057	CRAM066
MICR057	CRAM066
MICR057	CRAM066
MICR057	CRAM066
MICR057	CRAM066
MICR057	CRAM066
MICR057	CRAM066
MICR057	CRAM066
MICR057	CRAM066
MICR057	CRAM066
MICR057	CRAM066
MICR057	CRAM066
MICR057	CRAM066
MICR057	CRAM066
MICR057	CRAM066
MICR057	CRAM066
MICR057	CRAM066
MICR057	CRAM066
MICR057	CRAM066
MICR057	CRAM066
MICR038	CHOR002
MICR038	CHOR002
MICR038	CHOR002
MICR038	CHOR002
MICR038	CHOR002
MICR038	CHOR002
MICR038	CHOR002
MICR038	CHOR002
MICR038	CHOR002
MICR038	CHOR002
MICR038	CHOR002
MICR038	CHOR002
MICR038	CHOR014
MICR038	CHOR014
MICR038	CHOR002
MICR038	CHOR002
MICR038	CHOR002
MICR038	CHOR002
MICR038	CHOR002
MICR038	CHOR002
MICR038	CHOR002
MICR038	CHOR002
MICR038	CHOR002
MICR038	CHOR002
MICR035	CRAM011
MICR035	CRAM023
MICR035	CRAM023
MICR035	CRAM023
MICR035	CRAM023
MICR035	CRAM023
MICR035	CRAM023
MICR035	CRAM023
MICR034	XXXX116
MICR034	XXXX116
MICR034	XXXX116
MICR034	XXXX116
MICR034	CRAM013
MICR034	CRAM013
MICR034	CRAM013
MICR034	CRAM013
MICR034	CRAM013
MICR034	CRAM013
MICR034	CRAM013
MICR034	CRAM013
MICR034	CRAM013
MICR034	CRAM013
MICR034	CRAM013
MICR034	CRAM013
MICR034	CRAM013
MICR031	XXXX021
MICR031	XXXX021
MICR031	XXXX021
MICR031	XXXX068
MICR031	XXXX068
MICR031	XXXX021
MICR031	XXXX021
MICR031	XXXX021
MICR019	TORT005
MICR014	TORT005
MICR014	TORT005
MICR014	TORT012
MICR014	TORT005
MICR014	TORT005
MICR014	TORT005
MICR006	CRAM023
MICR001	PYRA003
MICR001	PYRA003
MICR001	PYRA003
MICR001	PYRA003
MICR001	PYRA003
MICR001	PYRA003
MICR001	PYRA003
MICR001	PYRA021
MICR001	PYRA021
MICR001	PYRA021
MICR001	PYRA021
MICR001	PYRA021
MICR001	PYRA021
MICR001	PYRA021
MICR001	PYRA021
MICR001	PYRA021
MICR001	CHOR012
MICR001	CHOR012
MICR001	CHOR012
MICR001	CHOR012
MICR001	CHOR012
MICR001	PYRA021
MICR001	PYRA021
MICR001	PYRA021
MICR001	PYRA021
MICR001	PYRA021
MICR001	PYRA021
MICR001	PYRA021
METE001	PYRA013
ICHN191	URAN009
ICHN043	TORT040
ICHN043	TORT040
ICHN032	PYRA003
ICHN025	CRAM012
ICHN025	CRAM012
ICHN025	CRAM012
ICHN025	CRAM012
ICHN025	CRAM012
ICHN025	CRAM012
ICHN025	CRAM013
ICHN025	CRAM012
ICHN025	CRAM012
ICHN025	CRAM012
ICHN025	CRAM012
ICHN025	CRAM012
ICHN025	CRAM012
ICHN025	CRAM012
ICHN025	CRAM012
ICHN025	CRAM012
ICHN025	CRAM012
ICHN025	CRAM012
ICHN025	CRAM012
ICHN025	CRAM013
ICHN025	CRAM013
ICHN025	CRAM013
ICHN017	CRAM013
ICHN017	CRAM013
ICHN017	CRAM013
ICHN004	CRAM012
ICHN004	CRAM012
ICHN004	CRAM012
ICHN004	CRAM013
ICHN004	CRAM013
ICHN004	CRAM013
ICHN004	CRAM013
ICHN004	CRAM013
ICHN004	CRAM013
ICHN004	CRAM013
ICHN004	CRAM013
ICHN004	CRAM012
ICHN004	CRAM013
ICHN004	CRAM013
ICHN004	CRAM013
ICHN004	CRAM013
ICHN004	CRAM013
ICHN004	CRAM013
ICHN004	CRAM013
ICHN004	CRAM013
ICHN004	CRAM013
ICHN004	CRAM013
ICHN004	CRAM013
ICHN004	CRAM013
ICHN004	CRAM012
ICHN004	PYRA021
ICHN004	CRAM013
ICHN004	CRAM013
ICHN004	CRAM013
ICHN004	CRAM013
ICHN004	CRAM013
ICHN004	CRAM013
ICHN004	CRAM013
ICHN004	CRAM013
ICHN004	CRAM013
ICHN004	CRAM013
ICHN004	CRAM013
ICHN004	CRAM013
ICHN004	CRAM013
ICHN004	CRAM013
ICHN004	CRAM013
ICHN004	CRAM013
ICHN004	CRAM013
ICHN004	CRAM013
ICHN004	CRAM013
ICHN004	CRAM013
ICHN004	CRAM013
ICHN004	CRAM013
ICHN004	CRAM013
ICHN004	CRAM013
ICHN004	CRAM012
ICHN004	CRAM012
ICHN004	CRAM012
ICHN004	PYRA021
ICHN004	PYRA021
ICHN004	PYRA021
ICHN004	GEOM132
ICHN004	PYRA021
ICHN004	PYRA021
ICHN004	PYRA021
ICHN004	CRAM013
ICHN004	CRAM013
ICHN004	CRAM013
ICHN004	CRAM013
ICHN004	PYRA021
ICHN004	PYRA021
ICHN004	PYRA021
ICHN004	PYRA021
ICHN004	CRAM013
ICHN004	CRAM013
ICHN004	PYRA021
ICHN004	GEOM132
ICHN004	CRAM013
ICHN004	CRAM013
ICHN004	CRAM013
ICHN004	CRAM013
ICHN004	CRAM013
ICHN004	CRAM012
ICHN004	CRAM012
ICHN004	CRAM012
ICHN004	CRAM013
ICHN004	CRAM013
ICHN004	CRAM013
ICHN004	CRAM013
ICHN004	CRAM013
ICHN004	CRAM013
ICHN004	CRAM013
ICHN004	CRAM013
ICHN004	CRAM013
ICHN004	CRAM012
ICHN004	CRAM012
ICHN004	CRAM013
ICHN004	CRAM012
ICHN004	CRAM013
ICHN004	CRAM013
ICHN004	CRAM012
ICHN004	CRAM013
ICHN004	CRAM013
ICHN004	PYRA021
ICHN002	NOCT077
ICHN001	NOCT017
CHEL014	TORT040
CHEL010	CRAM013
CHEL010	CRAM013
CHEL010	CRAM013
CHEL010	CRAM013
CHEL010	PYRA021
CHEL010	PYRA021
CHEL010	PYRA021
CHEL010	PYRA021
CHEL001	TORT008
CHEL001	TORT008
CHEL001	TORT008
CHEL001	TORT008
CHEL001	TORT008
CHAL009	CRAM013
CHAL004	CRAM013
CHAL004	CRAM013
CHAL004	CRAM013
CHAL004	CRAM013
CENT001	CRAM012
CENT001	CRAM012
CENT001	CRAM013
CENT001	CRAM012
CENT001	CRAM013
CENT001	CRAM013
CENT001	CRAM013
CENT001	CRAM013
CENT001	CRAM013
CENT001	CRAM013
CENT001	CRAM013
CENT001	CRAM013
CENT001	CRAM013
CENT001	CRAM013
CENT001	CRAM013
CENT001	CRAM013
CENT001	CRAM013
CENT001	CRAM013
BETH002	TORT075
AGAT079	TORT022
AGAT041	TORT008
AGAT036	TORT040
AGAT035	CHOR002
AGAT032	TORT131
AGAT031	TORT040
AGAT031	TORT040
AGAT031	TORT040
AGAT026	XXXX095
AGAT026	XXXX095
AGAT026	XXXX095
AGAT023	CHOR016
AGAT021	CHOR012
AGAT021	CHOR012
AGAT021	CHOR012
AGAT021	CHOR012
AGAT020	TORT111
AGAT020	TORT111
AGAT020	TORT111
AGAT019	NOCT077
AGAT019	NOCT077
AGAT019	NOCT077
AGAT019	NOCT077
AGAT018	NOCT085
AGAT010	CRAM023
